ID,NOMBRE,DIRECCION,DTYPE
100000,AuKnhcYGrV,pCBBjBMXMx,HOTEL
100001,GJKnRzkfLL,NmQEIMjNzM,HOTEL
100002,GrWxYOYYFT,TOWorvhEGf,HOTEL
100003,BAxqJHOjyl,YProWyvMzf,HOTEL
100004,fykDuejNVU,pkdYjAHOtW,HOTEL
100005,loWnntRqpC,rcnQXRcbMx,HOTEL
100006,XxsQegZFNC,iBTNIZsmnL,HOTEL
100007,xAaJPKGGcs,dNlSGadtHE,HOTEL
100008,gNqbuNysFJ,bvGCJJzKgU,HOTEL
100009,VFxyhObHoY,ienLlnhzxu,HOTEL
100010,RqzOKceisr,vGsuuwuipv,HOTEL
100011,fAMXUooLrY,YUzPjzjOPk,HOTEL
100012,zSbWhebIDc,zjwMZRAqDi,HOTEL
100013,GjDxpTuMKl,HqGQpLNfDV,HOTEL
100014,pMcuIhgoOT,yYqagmmAOt,HOTEL
100015,RqgMYnuZGk,CyhuJFWmOk,HOTEL
100016,mBMiBjGsAq,PAqEQDDrTF,HOTEL
100017,jDfcoEQwWN,brRwFEnjVn,HOTEL
100018,klKdgFaJyV,phrJgqLwVM,HOTEL
100019,lGeuYPyNNe,QmHhkdSnut,HOTEL
100020,biThwMQOcI,YHLfbvWtBa,HOTEL
100021,adgUVGrJNm,pyuIqvdPlF,HOTEL
100022,cgjDcGUDZr,gEOTngplHY,HOTEL
100023,PjhvfAUZHF,ekdnWanUpc,HOTEL
100024,BgRMgMVMmE,zPQzcoUjLT,HOTEL
100025,yhIYLlBGTV,qNYufYJdAN,HOTEL
100026,xDsJtnvkKF,ueluyksCJh,HOTEL
100027,NBlIDewCWr,yyFyxghRVM,HOTEL
100028,LzpGjMdPNQ,zvZsDKUrYN,HOTEL
100029,xuFiRJIOPN,iFGhVZLGxw,HOTEL
100030,sGCPDfYshP,yozIsQPXGz,HOTEL
100031,NBRuBWHIpO,gcDWAQnncp,HOTEL
100032,DqeHBuVCNL,xZIOmeEBHM,HOTEL
100033,cToKikPmOA,ZKzyzQpftF,HOTEL
100034,pTEdhqVHdP,gYxntsYLhr,HOTEL
100035,SgxlsMEdRz,FRqQakcFCS,HOTEL
100036,jGgYceASoY,AbaxsTlRCm,HOTEL
100037,MlaQBapXnq,RtStJaVivj,HOTEL
100038,xaDGLXBBRF,WGzhJXMTAs,HOTEL
100039,YlPEAujjpn,MBTCCriLEh,HOTEL
100040,rfKbHAWBya,puSJuSqdMj,HOTEL
100041,gNKfZyWCoM,voBBMrPxjG,HOTEL
100042,gmUeHxQCZg,fssfmfzFmO,HOTEL
100043,woBEtRtCKV,qEGGRwKouX,HOTEL
100044,uSAEXPvlVy,kIiHELWGdO,HOTEL
100045,fPtadzFHwA,mBTcqZuIXC,HOTEL
100046,zioCEVblIX,uBLmdsUDRU,HOTEL
100047,KpYlBPYPUZ,mjyRzgBKSW,HOTEL
100048,prmEvvZdDj,mARLpAdfkc,HOTEL
100049,NttFRjOnLm,rAzRPwIGoU,HOTEL
100050,SJZCdomyUZ,excpOuFwjH,HOTEL
100051,kzzUIQgIGj,wEoLoAslTQ,HOTEL
100052,GtkNgUlGgu,fuiUWmOgJC,HOTEL
100053,ppHSXqSDbj,ooDpDvUiIM,HOTEL
100054,BrIQGpEoUo,IxZrrJCZuk,HOTEL
100055,bpeJswZskw,KATsHlbujP,HOTEL
100056,RzjNplQCvp,HvRUjmPkbN,HOTEL
100057,ZScqibNoQR,slJYXyMyHv,HOTEL
100058,tCdYuqPaWg,dqdjCmeUWj,HOTEL
100059,DDTOvYUqmx,xrjBWcnHDv,HOTEL
100060,tGsHovWLFE,dwxKDECsZx,HOTEL
100061,CpIyjrkMAQ,QVoPHDXrJt,HOTEL
100062,igtIsslmvo,mfFgFKjKkL,HOTEL
100063,gMMYcRtNRP,pSrKbbpaIq,HOTEL
100064,pCnWbNaOwN,GQBPboZwHa,HOTEL
100065,SdKUlelCwa,usAraDlUtj,HOTEL
100066,yLzYkXZBkp,ZYVtycbPtA,HOTEL
100067,vSRsQNibXQ,VSsZaIOVXw,HOTEL
100068,ojCTcWBIDY,HgGhzanPHN,HOTEL
100069,lKdGdTqmzc,popfPiybXr,HOTEL
100070,yvGFgXtIqB,dRtMxxILAx,HOTEL
100071,bFjLXIvkqa,kDYjDMfDtm,HOTEL
100072,VUhoUxLNyi,xznjxJheAF,HOTEL
100073,EUrbaOVQtQ,yTEeaNktqX,HOTEL
100074,UAtHxFRREb,APkZLtRDQS,HOTEL
100075,DNUOqfHUDw,OnCyWYGECJ,HOTEL
100076,dCUhcajwtU,rtBwbcOixV,HOTEL
100077,CDUdGnlhox,dTSISxXYkr,HOTEL
100078,DkHcKARZNI,lylLWVmJzl,HOTEL
100079,YLbDntMlpu,yzSaqWjtqz,HOTEL
100080,pmsUmOBYhO,dNzXveundI,HOTEL
100081,wipCxDYFoA,LYUdPtTlHu,HOTEL
100082,IFcsGXGbXG,edLrJRfMYm,HOTEL
100083,rEjbMcovTp,XKqGEslhog,HOTEL
100084,SkTORwhvzq,kwPmDAEwBY,HOTEL
100085,VwtwtDWkBC,UFXccRzWXy,HOTEL
100086,WQColWYzkH,TApsAKVmnz,HOTEL
100087,bUQJkyPobP,orXdTvfwQj,HOTEL
100088,RDmlmtrXZG,QdMOuWDcih,HOTEL
100089,dsIJWmxjjQ,ANUnSmSkFY,HOTEL
100090,trRkuxqupU,fdSfogDhoW,HOTEL
100091,IZCPQqbFmK,AHrezoftGO,HOTEL
100092,iaQApJAQHZ,iMuNdrGVzj,HOTEL
100093,QDKMhUnJQM,GjraxbijhL,HOTEL
100094,oEmxhVfoDc,NVPBVRFEsa,HOTEL
100095,yrywcxscmD,GLPnwPBHpU,HOTEL
100096,YCbtycCcGp,EVBmRVhTPI,HOTEL
100097,VjZTpVhzBf,drwZWDiIRs,HOTEL
100098,lLbNGkaqgo,UycmHrQYPZ,HOTEL
100099,SCUUdQtLqe,ZlWDIwjkQf,HOTEL
200000,efNFsEqEOG,kFyMMRtvcw,HOSTAL
200001,jwpgZXKsCs,xhcDqyFBjJ,HOSTAL
200002,eLgFLxLhGC,SDrlVebASp,HOSTAL
200003,EgxlLkxRef,BAKAMOwYYt,HOSTAL
200004,jOCPkadkij,qBvHqrWUcC,HOSTAL
200005,QQnucqlWAx,XSVGgATjVq,HOSTAL
200006,CieUWjhLeU,jKPcegsYgn,HOSTAL
200007,BfFioWVIMe,XwgATcUIDJ,HOSTAL
200008,AEQVpfivPV,vabrkGAhLE,HOSTAL
200009,xgJdlkmlyO,pkoVCRHmAT,HOSTAL
200010,rbZGNoAvNo,uJQNVSyNQC,HOSTAL
200011,pkUuACfGAr,HtfHqfhsyw,HOSTAL
200012,hPbMmvSFIe,QRQxteCSSE,HOSTAL
200013,iwhZGiNuoC,dvwFgalatq,HOSTAL
200014,dxWEftaLLr,lXbASJkFcq,HOSTAL
200015,KYvouCcZxe,mUILCyVkSi,HOSTAL
200016,wFiFbstbxk,mzZBvbRDGv,HOSTAL
200017,dmzNrMyLEZ,JdBRNtVncj,HOSTAL
200018,zWkJowmgCp,TZWcsikaup,HOSTAL
200019,QwvISwXWSh,DhHDqbAhZX,HOSTAL
200020,BwobLmvlRo,jgopjanIbY,HOSTAL
200021,gHEQbvAlTl,bEMooRAGtF,HOSTAL
200022,shtekxXlCp,IncfHSzcwu,HOSTAL
200023,hzKMJAJfkw,ZuNBZaMFiz,HOSTAL
200024,EOkjJinqqm,KIkPFRWOCZ,HOSTAL
200025,AFDXQtgPUG,XHonQjlwOD,HOSTAL
200026,zuKctESjiJ,CvrLEayQWn,HOSTAL
200027,INUgKDHMqO,FVFRrhJIgn,HOSTAL
200028,PGwsHQDrMa,YhVqBLlqAv,HOSTAL
200029,rGfvbsyrxR,DKdHeDtdbY,HOSTAL
200030,aiWbQhFVeG,vaczqzdgSL,HOSTAL
200031,eyeqpUksaT,MPrYlbKinU,HOSTAL
200032,RZFdGCsTfU,yrxydhFYSP,HOSTAL
200033,iXYgmzIedN,sJGITTshqn,HOSTAL
200034,rUOGbCcrJF,OoeMDfHOEn,HOSTAL
200035,dRogRlXUjz,HKuzupBAPs,HOSTAL
200036,zcKWsvPvVj,JHMyypIDBU,HOSTAL
200037,xTdwoxpNXe,OcBYdXBpsH,HOSTAL
200038,cfAsZuLHJy,qumHjlqGSu,HOSTAL
200039,mxdwQHHmFm,OnyXzsJDjF,HOSTAL
200040,jeZCkwgdPS,YdBJJRfYXA,HOSTAL
200041,cAvlmkZdAR,uElexVCwtN,HOSTAL
200042,YzzyjwSPCu,qtlCtNQcoW,HOSTAL
200043,dOcVPevZmj,LfXVwxikFu,HOSTAL
200044,EOAOvLcZWj,BnmIdztFGr,HOSTAL
200045,xHTwTsgSNK,oWiEjeGaIJ,HOSTAL
200046,qqpPtNlMeO,iavucfGCfR,HOSTAL
200047,anpBXRKSpp,wMtVMsrpxw,HOSTAL
200048,WyLhCXHFRr,gnfsAGLWHm,HOSTAL
200049,uybFMhwYDM,OtAEEpxELr,HOSTAL
200050,FSPOCTPZsZ,vAHGlyApnt,HOSTAL
200051,WTIoihNmLX,AinmgVVkSP,HOSTAL
200052,nFVRCEecTz,hXCjjbXwaX,HOSTAL
200053,HOeijBPhcE,OXLEGKltXk,HOSTAL
200054,dxKKkUNbTV,EYOQPLftfc,HOSTAL
200055,pIZlyGpgzK,RBXllJZUSE,HOSTAL
200056,WyBLbjvJlI,IKrHpfWFoI,HOSTAL
200057,duAHpGqSFA,ZiPsXvjvuH,HOSTAL
200058,yNrtkGcKqV,RdRlZVooav,HOSTAL
200059,mbMrEiUcRL,gNvNmjuObZ,HOSTAL
200060,MzWeeRxQWD,rvQilEEFvZ,HOSTAL
200061,cEENFXqJFn,MnSQCZxcwd,HOSTAL
200062,OCMJBxdeXT,ZuoZhHZhxa,HOSTAL
200063,QOunGkWbOQ,fmLeQUfpqc,HOSTAL
200064,KjgnxluABh,SEHeSrCwkl,HOSTAL
200065,GGQXZqOFWS,aXSnDjKEmN,HOSTAL
200066,TYPMalFjyZ,PqoHOxRuiY,HOSTAL
200067,ALglbGFGaL,WAOydmPSWA,HOSTAL
200068,fJXSHIAXVU,tOVRxIwXUC,HOSTAL
200069,epfOzfbWEm,hNVPZSuZdd,HOSTAL
200070,GlwThKAFEX,zRqFlxHuRu,HOSTAL
200071,HCUAfWrvSC,AtbWuxRjio,HOSTAL
200072,AjPcjYWGjq,keCsmfzaEk,HOSTAL
200073,gKkcsrywUz,lpbNjaOKMD,HOSTAL
200074,CJlLCXptjv,yOZyXvZExF,HOSTAL
200075,UCuvpwXRPy,ZOTmdazaXU,HOSTAL
200076,ByrINnAxGB,qbTCQvumlh,HOSTAL
200077,TdZizwvqGs,sWyBbRjJag,HOSTAL
200078,OpjLWoXpfL,fOuiMDSdNM,HOSTAL
200079,nRhcUehQuR,RUKxqWGvHc,HOSTAL
200080,WwxZsivuig,hURNzarbuo,HOSTAL
200081,iQRdcQlNMr,vyzdxmoRHR,HOSTAL
200082,OdKGKvvmsb,mXEVLuJuBK,HOSTAL
200083,rfXCcRtFiY,FSPasLWHQw,HOSTAL
200084,IUeqLaxwuP,dzvggFcZCz,HOSTAL
200085,qnniCymRIk,HlbmvViraW,HOSTAL
200086,DguhsPlPST,bzDWUqWpHZ,HOSTAL
200087,ZacFjxTiBb,qAvhSIggJz,HOSTAL
200088,AnVENJQLdN,tRteGDhhdd,HOSTAL
200089,DLMfopQNpY,XONGrvqGUC,HOSTAL
200090,YBOKrvGIZH,ToyIIXKLxh,HOSTAL
200091,crkKfdhKei,mPScXyrFYJ,HOSTAL
200092,CmAgVktCZo,yoXrJXHsjP,HOSTAL
200093,BRkAddacvR,LbaENfzFMM,HOSTAL
200094,dZcSnfRESJ,VrvoXIDPnk,HOSTAL
200095,sxwDfkbYqy,JvlZUWLpKm,HOSTAL
200096,CzbVldEntw,ihAhCUBFWa,HOSTAL
200097,TtcthLyhqn,lGFnhQYdXN,HOSTAL
200098,UmnPKKubrQ,xEwfugVTQu,HOSTAL
200099,yDYXKFCTYd,vOEhWJVaBY,HOSTAL
200100,UgMyreSGAi,vxiNMxuTgD,HOSTAL
200101,BzemlBDcJD,cecTMKeCtN,HOSTAL
200102,vjIWDrvxwh,STRpGOigUP,HOSTAL
200103,slmwzUQhEF,qVskVByuzc,HOSTAL
200104,NHExBngvlD,TFVsWzASLs,HOSTAL
200105,TPvixohxaf,bSnVmuSwtU,HOSTAL
200106,iQnflUXqHa,mdYrUDMzcp,HOSTAL
200107,CQypgzerFH,wsDTzpyNTN,HOSTAL
200108,mLBXsMRQpH,IcphcVjEav,HOSTAL
200109,ZdvwiNCzyt,VRAFYHvZdD,HOSTAL
200110,YbGvFwoSYs,lWynsQgzlR,HOSTAL
200111,NgqyxHHqNC,dSLKTPaIHb,HOSTAL
200112,UGWkYYhNRz,tDnBCcxdsY,HOSTAL
200113,YqrbERCIEz,YHwYJZXEcX,HOSTAL
200114,pLhNFefzCX,uPvwSePfcZ,HOSTAL
200115,oRPHqhhRqW,SwKpAWZvgD,HOSTAL
200116,JYcIqOeonl,jsVbxjaerS,HOSTAL
200117,ZzJkFELUaP,OGrBWpFeea,HOSTAL
200118,evxsZwqLWk,vjqCSBiJML,HOSTAL
200119,zGyUkyHxGY,rPcGMJIWGg,HOSTAL
200120,vxnNadlyrX,xLoNdpNYhl,HOSTAL
200121,YcfzguxRST,GgihIiZpUp,HOSTAL
200122,rtqAyWvhWx,lLucMiJrLC,HOSTAL
200123,QIYGMAdNho,ImNgObQQrx,HOSTAL
200124,jsDXGAmCew,vtUswbVUQH,HOSTAL
200125,hdfHZgrfTI,SUvvXeTlGj,HOSTAL
200126,EplIRGawgr,OGZwhmnvFn,HOSTAL
200127,KmGOPxdAtY,WlnnWvjVyh,HOSTAL
200128,FxrUAiIKhf,zuZpDqSzJj,HOSTAL
200129,BoGySSYUZe,vYHkHMjYBT,HOSTAL
200130,xhImgFmtdp,PmPFAIolUg,HOSTAL
200131,VtBJsVigzi,uObrtRgtiq,HOSTAL
200132,UNanZnBVkW,AvltuMFtkP,HOSTAL
200133,jRezFLQTse,WKNUFuyQaK,HOSTAL
200134,CdERqUAlbO,dbGdRTqnhy,HOSTAL
200135,ZIhjpUAXfV,UJRAjkJGGI,HOSTAL
200136,KFCgqQQDct,QDgyCGNgWQ,HOSTAL
200137,QGSrrmhIqb,NkDnFNhTJC,HOSTAL
200138,pVUMygjAuL,QeXvILVEQO,HOSTAL
200139,uzrAZuStzD,FSXhibvLfP,HOSTAL
200140,NekkQNRTYQ,hKKaszeqbQ,HOSTAL
200141,BpxuTRoEBN,yRmOglRuAT,HOSTAL
200142,VSIwTevwzC,ZLzbwtMfUP,HOSTAL
200143,uxMTKQMgRl,yAfqCVStmJ,HOSTAL
200144,uyQCVziTib,dkEZrzkkoW,HOSTAL
200145,ggoElDcRsw,cagQpUnpxa,HOSTAL
200146,qPZJKDWyNR,EXPOVffEiT,HOSTAL
200147,mXxmfVsMyf,ZVYDmUAmlA,HOSTAL
200148,yVlXjXvZPL,gqCSryKIkl,HOSTAL
200149,EAVwAvvaVk,KlylxIiXHv,HOSTAL
300000,MKLcWfBhlb,UlvhAZjnRM,VIVIENDAU
300001,HyGpmXzpGU,fgLHCAnQVk,VIVIENDAU
300002,cXZmjVDXIy,iDxyEzYXuX,VIVIENDAU
300003,hzaMgLESnD,wMKxvPwFUQ,VIVIENDAU
300004,gaqNHMBuMT,qnDVUGHcpZ,VIVIENDAU
300005,ZklCvoRHHl,xMquUovpPy,VIVIENDAU
300006,eXNVpkEQcs,MUkNILSfmJ,VIVIENDAU
300007,oPULfJTali,ZlsyspOZbK,VIVIENDAU
300008,TwiuzLrnKG,SPqpUMPuMj,VIVIENDAU
300009,KumSjxWrNV,kmMByivirN,VIVIENDAU
300010,MyMMKfqYEn,dOzdNvtODI,VIVIENDAU
300011,AQjkhtytiO,rRMAsBUVkQ,VIVIENDAU
300012,tQjqBnuFQC,AIhjHnSynP,VIVIENDAU
300013,VPZfzlMaSB,UBpWInKjJF,VIVIENDAU
300014,mbuLbtJkhr,ROVcyzWXQt,VIVIENDAU
300015,pGaMuJTsgl,DwNsBUeIus,VIVIENDAU
300016,hNGjEOZKyj,GYdeRVDSyX,VIVIENDAU
300017,yVeaaEjvpU,lpCgzgyiKd,VIVIENDAU
300018,pldBSFNMYA,puNblWcvUK,VIVIENDAU
300019,LMAjRgSKSw,dEBrXWDKPL,VIVIENDAU
300020,KLdZcGEOMk,sXrYKKkAAr,VIVIENDAU
300021,TjCZsfBUQZ,KAyHxRHzEI,VIVIENDAU
300022,mnmtZXXvIG,hGrZpqQbyZ,VIVIENDAU
300023,DzzZZEkYJc,uEPuymSSQw,VIVIENDAU
300024,pHYVDTUmwA,rRqMokFThk,VIVIENDAU
300025,ReeCepqoNT,fKdzIsrdud,VIVIENDAU
300026,IJSWxHQoZx,LEzihRZPkv,VIVIENDAU
300027,EuPXgAXLSJ,DMaqkxGajl,VIVIENDAU
300028,MQSIrdeDCf,eOpJeCSFlk,VIVIENDAU
300029,CxugmmKIzj,WkZSXxduhj,VIVIENDAU
300030,VXpvJewVuq,iNPmejWJdK,VIVIENDAU
300031,uqnbAthoTy,jjtCegvdHB,VIVIENDAU
300032,RYkUyAiLnZ,neHPAOpYFM,VIVIENDAU
300033,PsYJkwrCsH,MEowAuMDPh,VIVIENDAU
300034,wOdoaQCTmc,XkWgpoQejz,VIVIENDAU
300035,tgZmjfffgC,pOZxZNwhEF,VIVIENDAU
300036,ItPjQTyQbS,tUTaohLhzY,VIVIENDAU
300037,ahlUWJXAIr,NmlCQvpQOv,VIVIENDAU
300038,VFcywISvkJ,vPzGanvpMS,VIVIENDAU
300039,IKPJwsnhHd,WQjVJtesuZ,VIVIENDAU
300040,LnfZpiiNZd,PpzTpCrhAO,VIVIENDAU
300041,JDmEIdQUkF,xhQZYDOgul,VIVIENDAU
300042,ZEuxTqFMSE,GrhugBFYvQ,VIVIENDAU
300043,EEcVupNhvY,WHKStvgRuK,VIVIENDAU
300044,mzWzzhSotW,iRqKVWhtVl,VIVIENDAU
300045,PYAsDOEZUo,KoQHDIFGJB,VIVIENDAU
300046,CgGpQFPjJP,TAcmYXDjwQ,VIVIENDAU
300047,tEBTZbSooZ,gmIfIvBIMK,VIVIENDAU
300048,UGyizwaUZF,AZBErUClKC,VIVIENDAU
300049,WsHKkXtrfF,CKxLDdlfBY,VIVIENDAU
300050,NpwkshjauL,xQWYprvvEO,VIVIENDAU
300051,YIBrZkVePW,yoDXEklWLf,VIVIENDAU
300052,ncXtdLEwQY,PaEcfrZvPx,VIVIENDAU
300053,kjfziFrmyQ,aaXrHYbcgn,VIVIENDAU
300054,czSObaPusS,WrZWIRwtAW,VIVIENDAU
300055,aoAjgzlysf,NgbMXiPfwR,VIVIENDAU
300056,CvzBDanzgv,gsOnXDxLAP,VIVIENDAU
300057,hLlWgEuAUN,hxZRoSrvCB,VIVIENDAU
300058,wjPDsTEFPZ,tBrbWJWRyA,VIVIENDAU
300059,GWazlaTgCA,YBOburCDWf,VIVIENDAU
300060,iuCOYiqniK,owFpICxfQw,VIVIENDAU
300061,swyQXjlIhr,BvweSbBpli,VIVIENDAU
300062,TswAZLMxcq,vgPJoGHJZJ,VIVIENDAU
300063,ZNmATpfkmZ,EofEmmMsAI,VIVIENDAU
300064,ivKevDKQOz,RhSYEesBlk,VIVIENDAU
300065,oEPrkwsCyC,TymhEWhYbF,VIVIENDAU
300066,xPlvYCaExg,oWulpfNTNq,VIVIENDAU
300067,xipWvIkNyi,glPKSeZkhQ,VIVIENDAU
300068,FLTsBctjig,mpjKperlvR,VIVIENDAU
300069,fAdcduFpWf,ysRcwOBUVb,VIVIENDAU
300070,olPXcFWqCl,fXkoXPaoZj,VIVIENDAU
300071,kcGFDeFnsG,rOaqtrGbXR,VIVIENDAU
300072,MUlbGdIsFf,PzYQFYejAp,VIVIENDAU
300073,lIgxCwpwFu,uIrHTPStVn,VIVIENDAU
300074,taVJKflBaJ,axroGeyZtQ,VIVIENDAU
300075,iJtxMWTFMz,poGzrMOlPz,VIVIENDAU
300076,FdobcgSrSS,LVNkkCPRIl,VIVIENDAU
300077,pVcWYybQLN,yYJsgeqTOI,VIVIENDAU
300078,XYLSWhjpPH,tVoNTcbcca,VIVIENDAU
300079,hSRGTHJunf,KAuUiSDfRg,VIVIENDAU
300080,kTSWEkinvZ,OUOmGBtyPN,VIVIENDAU
300081,eOHoxcmuwo,DAuZCQmiEI,VIVIENDAU
300082,SlMprpDDoV,NPqxDDPovR,VIVIENDAU
300083,SWqliloEYU,KQzuRtUmNG,VIVIENDAU
300084,ZzibfqXHxc,DPfAPQNPjf,VIVIENDAU
300085,ozoplbDoQg,FeGmUkhHaK,VIVIENDAU
300086,gfMkMKAgKb,RqfVBLlGdk,VIVIENDAU
300087,jAydyhvZud,hgusLIccTl,VIVIENDAU
300088,mZvrPTLXbt,sVijtttwrT,VIVIENDAU
300089,oKOkGFLjow,ZMfUhkISlw,VIVIENDAU
300090,NgKJlaevpK,slnQveLcWZ,VIVIENDAU
300091,KHWsehanUW,WwUaVpFRIl,VIVIENDAU
300092,EsRLmzDInl,dRLZshThbv,VIVIENDAU
300093,nOqSzNBHxm,KwdTAxyAwW,VIVIENDAU
300094,DlzvPgpGDh,jMymgkUfrg,VIVIENDAU
300095,OxNLrdEpWy,JVzgwwURUy,VIVIENDAU
300096,AYCcjKNrff,HYODqvSBzM,VIVIENDAU
300097,NmbiZlynNb,AuJphOcQGM,VIVIENDAU
300098,jaOYDJzfBY,thKMdNgDOS,VIVIENDAU
300099,seNKYjtYQR,dxxIQGroJe,VIVIENDAU
