ID,HABITACIONES, BANOS, DIRECCION, MENAJE, DUENO
500002,2,PqsiuojrmJmBcKC,XvjecwbIqXUDtMB,20000
500002,2,JHiqBeAJyTgqjvb,xWVTYtoySjLnMhY,20001
500006,2,ojEmpExrdbbqBss,TuKCNlTDcvYCFUF,20002
500006,3,FQSNKFyQodOIHZL,KgcjWtsGfVlLBFO,20003
500005,2,XYiyugQAmVSOYSB,ybJPbKjgiitDQCc,20004
500007,1,TdGikXnRykCSjbe,FbKXBYwdtAzCuly,20005
500008,2,BGfHNWeuwxMoDMv,sKLmvxyxyyyLLoc,20006
500011,1,kJUKBzUXgzNXKxq,faZlMgwRawUZnCg,20007
500012,4,XKrxXmiECEMcRlS,DilWHyQVFUohalh,20008
500013,1,AwNGkUMgwFWqGUT,KBbNsSvgpTrFfpv,20009
500011,3,WaVrknNFGlLQCGP,fwesGCrveWhVDsV,200010
500015,3,xEsqSxQyadwZbwA,SPSdzSBztZCKrkl,200011
500013,3,gLuBXHVUMUIkjXv,aTjYCUkRwuQfots,200012
500015,3,SjHQrjaVvpZpyKl,xzoWZZnNcEaqPDb,200013
500016,1,NbNIJidfEMJQaFa,vygAzOOGzFPSDJt,200014
500017,4,VnGyEiJvfgmgoiL,gIpWhIkScUUZGmD,200015
500020,1,kKNnZBvpBjAMbgq,bfVUwQlJHzDVxZM,200016
500018,4,yzYMLHBlinpZNXC,LQGVGCEvbKKteXf,200017
500022,4,SbIVGWnAZGtCUJj,okzpAUROjxFVuZZ,200018
500021,3,tYhgWbeVlkGnSpJ,kgIQBIpLfJBXhgk,200019
500022,1,QUxKPGskSIxxPda,ExArUUyGLoBYOkH,200020
500024,4,RXKozmxOPTmGddt,OtYYxCMWEFuAmNm,200021
500023,4,mDAeINeeJcZrsDS,oLgwOgOTUpveNrS,200022
500027,1,gekBNcKidXTAxmW,SEbwPrsRawyZYtX,200023
500026,3,LkIQRVbPqFGKLAw,RszIJJXHdJuXqbp,200024
500027,4,ZfOJlMkVmRVWovT,TPLLkvVZMriTclr,200025
500027,1,VjIjWQIrmabeJKQ,JQZqZaMJMhiYsZZ,200026
500030,4,HHrjvLjxAtkDYVY,eTIRUVZUAymBHdu,200027
500031,4,zNyJzOhQGrTrdcK,WXkPXRPfiDabuZc,200028
500031,3,QYrjEGjsHMsVeTO,xotLNbGxcGRHjfC,200029
500031,4,NTOAYSVQNdgLFDN,GuXckbPkeSuuafG,200030
500033,4,AoqzTvMNpAzMGDf,GeKCefZBDyUjrSF,200031
500034,2,KfXKqTlcIoUOYmm,QNRCBOZvJKXiZKi,200032
500034,4,nJJXecGueHOTYOM,aUUXWCjkaSAMXTJ,200033
500036,3,LAjWbsEgQWMAngC,GbvpzSLjOrnNchd,200034
500038,4,KqsckqKfVWWmRyD,EXKYfMFAbboBOyN,200035
500038,2,CWvsdZAreOwgZlV,CBFlZQXPvasIlzp,200036
500039,4,ddUXKNZXYKGVAiW,SfXKFDxOtubQowm,200037
500041,2,HbFaPYtvcbXlFAO,UhcxPCQkqXCZlBc,200038
500042,2,PlPNfWMfOBTckxO,XUFQeVCeHbhJbst,200039
500044,1,BtWTwMYmTUrZike,UrIoOYtYxINhxan,200040
500042,1,wOstNTdbgPYixZN,UUflixKvdJtDQaz,200041
500044,2,nmnPPEUmfVJZhSx,czdPOthTlpNUZVy,200042
500045,4,wNOxQtqAxGRDPUD,xoWXjNRIphTHqBP,200043
500047,2,JhiPJNvxqCdvxXD,twVHvskQexTCQah,200044
500046,4,qXBhiApyKYWuCpp,lnQTMTKdmECGTBX,200045
500049,1,QEcngdUyIfUgLTm,GELZBZGRxvwgCNQ,200046
500051,2,yKXOVGYRxJLpjHJ,EiqgFUzQUbGcvEg,200047
500050,3,OUakdcFKuefWaJU,xYTbyoGqhMZArrO,200048
500053,1,UfpFFRFWjrNZuVj,qQQsKHVlcQefjhi,200049
500052,4,LPxTCPaqsGQCVLn,rDYjUjAaPcnRQGR,200050
500054,3,xWHOEgWuPUvzKiT,kRElHksWfBgIVDU,200051
500056,3,uvLEZnMWBCElcQU,NivxZxBMVTXOGHt,200052
500057,3,APyntWMZmByfKDX,YnUXBDvqWRoafty,200053
500057,4,TwfwFFoNnVaUlEU,LoqroUWTXkDZjtL,200054
500058,4,KVjKFmAUVOhrTGp,LcAwBhiayeEsZxA,200055
500059,3,CNjmxsqJlRgAvkO,ZRKjkYAQlwhczIR,200056
500059,1,LiWqzPQrvLWoXYk,TtYlLlGbcWbFzhP,200057
500062,2,LsKVHWzbmyGBcJx,FhFWFCuHBphUEGP,200058
500062,3,GQKvuwofMtTmwGz,gHBJYmFTpVaTFqF,200059
500063,3,axgqojgfdIvjbaW,VWvECNvrooLfkTn,200060
500064,2,ZZWzmVVOtqLdidP,sjrmXFwDyjvDFHB,200061
500064,3,fIIdSNnwEkKpUpV,WBxhENpmvCXygCD,200062
500066,1,JTDNjmJmEOxelBs,DOclyaofjyPuGKY,200063
500066,1,csatFIHayBbxfpj,qYPsdknxXbNTslo,200064
500068,4,gBCeDIviNuzoTad,poglufMEuhhUjXW,200065
500070,2,FKXCzMqpHcqnavW,UNnmoANbMsvEFzK,200066
500069,3,WDHxjUpJcwBlOLX,jUqOjaXBIwipcrx,200067
500069,3,BNxURpRlWNqucOH,MqeIrBkxIDGlJmV,200068
500072,1,EBRIalhaHvBmgkR,vzfjhCPWqUEGvnT,200069
500072,3,soxEmhIDsWJLcJu,MIPItbQxWlKzLcK,200070
500075,4,qLUVINytNmlCiyB,zJDgqdtySrpOohu,200071
500075,4,yqulsjrqPSSExHr,JXfIWAjnpCVLmCl,200072
500077,2,vNEpIUSqHiZKPZJ,hDTGoRCcaWLrMuq,200073
500076,3,foqtlZEdwSjSKYv,uhosazmmDyUCtno,200074
500076,1,jpyBsPJScgGUpAh,epOMpyvjrtYuvpo,200075
500077,2,bjHMWBedeEURrfh,EUUUcSZNJffRZIz,200076
500081,1,wQvrhJrSERHHGjr,FEiLmwGkrEPKvSF,200077
500082,2,wQgXcYoynPngJvu,SUCPygBIEAhNzYp,200078
500082,1,ZvamPhwuBtIXxrv,bNFikVcVtoijiFz,200079
500083,2,XEHSEOufINWoFop,tvRcbHIfdIdRKGC,200080
500082,3,WmUpICUuZXInpBy,OzcmhzUCdWCEQHU,200081
500084,3,eeRJsAeDPIlUOFa,wcLMmfMhCvakRVi,200082
500086,2,cClgHBNRNDwSzsz,aWJyCstJmbVLzBr,200083
500087,1,rVYuFzGVwMGHkxa,CWKwdEdJaorMPCw,200084
500086,2,eYXItPeWlxOgHBv,NvDqmCfQhMFeaHI,200085
500087,3,nYMVfsdMiOeqZHj,IgUJmFCXVjucOoJ,200086
500091,3,oTELeahxoeNmZrR,gqnYnHQJbrTEcoK,200087
500092,1,pSlsfIJcxHxNuVx,eWEcAflLNpveIkS,200088
500091,1,fYIXziQBuKnOqyO,ePqdymehKbRniDh,200089
500093,1,xXYQJKUeLlUHRmH,WTyYwofAMmKDKTj,200090
500094,4,TlDJaEEnTshLrjN,joLFJctrJLkeBdh,200091
500094,2,MkfyvJGiyfKHjLq,alpzglWQDbvbkle,200092
500097,1,QgEOpmkNnmGumYG,PHERyNxEMNlqoqn,200093
500096,3,pOjJjMGBoCCOPWW,sjDiRwSgZJmxsuM,200094
500096,2,gkJmupldcuhTwcx,PustoVeStyoGUFv,200095
500100,3,wZZqAbYsEmgrAkJ,hjtIAEVudQehJWf,200096
500099,4,nWVCwUEfFSfLpFd,xWdQSPXHaBSJtZS,200097
500102,2,MlLGcWRDiJilCCH,QdZKXwNimVKZuHx,200098
500100,4,xPzwPVRfVcyRqIo,zfpEVUXpCeFAMhU,200099
500104,1,leIGDXCmsPZWzEt,OBcTZdzCzASNQyd,2000100
500103,4,xWkQWBnnNhIKMSj,iOoEhntROBXGCKA,2000101
500105,1,rTUAapVsinxobbw,VQoqRuWMdbcBiaR,2000102
500104,4,mImMvPOIjOiJHbD,QUEDlAyIOiYOyOQ,2000103
500108,1,dQSSmiTGtwTsmqE,LQaZaojcTnRiDlx,2000104
500107,2,yCwsGDjGWrfpTxf,CpbnRdepWTQgIop,2000105
500109,4,SvYxvFPMKfWpmCE,vGTTDcPrAFjintS,2000106
500108,1,eMmiqdWyzFXVpgN,RyitjTvjXIVarTx,2000107
500111,1,oxmOYHvMCjXqOcm,urztfIVbQUUQgIJ,2000108
500111,4,PatgRMCDloAxujm,gFooYxwQmauXqYQ,2000109
500114,3,wyYItpwiXrNVlRD,sqIKmGWuSiqoVkk,2000110
500112,3,poVwThCmpCPCncu,KShQlLbtFTbsdKx,2000111
500116,4,CSJYgJnQUVsYIdx,LoifIdDWboAryLo,2000112
500116,1,vXXgGZwyPkERmPC,fNCUuWWQBcDFYvj,2000113
500116,4,ZaCrwELQgcXUTWx,VcNNWzdsfHKpQCy,2000114
500117,2,uvhMnjJRilyDSrh,JTWWvVzKUBzMQUG,2000115
500119,4,blymFZyEZQJzirY,GCSmHnWaexwkIAm,2000116
500119,2,nAJVcyOGFuJkgap,TAZRIAyVMFpdoQo,2000117
500121,3,dmfVmuUiMvmxRdf,PFIxUJxSqWbpqOC,2000118
500121,2,ovohkHjMXXOVVAD,xZtKxCfOaUJsPXs,2000119
500122,1,oflEYrUsShFZoCd,rodgzfWqjicWqxw,2000120
500124,4,XsOfThCatOJWsmd,FkWRqiKZUNjzxvk,2000121
500123,4,ofDxqJmoNOQsAjL,SwIwvqjcKpQEOVC,2000122
500127,3,rGlcPqSFRrzGzxz,SlPCbCwIhhMZMdI,2000123
500127,4,ufyLHIcpxeYThnv,xlqIhOmCfgbVspL,2000124
500127,3,KkUELCzYAbwzXuZ,BZDWYfvQqQCDeza,2000125
500127,3,WKLpiPKUlVcCUxP,kToSISkultnvHDE,2000126
500129,1,XxjOyqXWGPFvVxU,USjgdiAgsTyuFCZ,2000127
500131,2,biuknwcBFUsYIwF,EeuFtsCHCwGOEVD,2000128
500131,1,JZaSNPteOHYljGr,LJpTqlgaEODmfTB,2000129
500134,1,WTRpVARmUdQJhHq,pfitEwtzeEgpiUX,2000130
500134,3,HBZJXLqBGRgHGDt,rpsgUJGqFPMdGus,2000131
500133,2,sGfaZyEoUFXqjKm,PKCNAiTkzEvQAnz,2000132
500134,3,DtsEzwLJqDrdfUj,sEwZdxXfwYSEngB,2000133
500138,2,eZbvvvhPWVyOrzw,WbWtKdDlqkGBOzd,2000134
500138,3,xpdpxjRUbkizuMg,pvlbHqRAEtmPLQR,2000135
500139,4,BKnXfUHMtkhyWdY,UMsmYagbrTSGMWy,2000136
500140,2,fMzqZzFuSKGMvmi,LLBAIqCbHRIEExe,2000137
500140,1,oNpCSeFoZAZIiCT,BKOgaVledMXNfcz,2000138
500142,4,dclIAdnSYDrbuWE,nMsHGAxQzAFbppQ,2000139
500143,3,DmRXctAqjoppKFs,MFvgHWyuKFzUttA,2000140
500142,1,AKjYXOZMmUKJEjs,CqRYFxHMYynzLNY,2000141
500143,1,bIvuPQjcbhPjhQP,VCowJVamtZTpngl,2000142
500146,4,YRolohQKGIcNrnt,BnKRKcnSDysVGpy,2000143
500145,4,GrTJuidmDglThxL,VneUIAQJaqGlVZD,2000144
500149,1,tgrNebBQNmPcWBo,TIiXHSLHEmDEgdO,2000145
500147,4,xzWXXpDWkdCGTNE,jxJIdorRUprrYVu,2000146
500151,2,uhxaaWFCgYfbeku,ARKdERwXJAQpIIz,2000147
500150,4,GHUixjoWJSkGsRK,BYCJvfKHbmMtKgA,2000148
500150,3,dilERVhAOQsmXzC,bVflvepVNrPEBaN,2000149
500153,2,UlUwRbmzYAeOCjM,FJiPgxgMNbgAoil,2000150
500155,1,MVHLuFpcsNdCcgk,PMoMmBIkPrqhAkJ,2000151
500153,1,QXnNoyPsVwqclBu,KBInhAGclBBVyzI,2000152
500155,1,rCdgIXgAzbxAoYN,KTZzhGmAiYagljR,2000153
500156,4,JeeRKLkbadokBaC,KxhiEQtBPnhuARx,2000154
500157,3,nvMkEInUxsMwewW,VHdhPmWyoFKTZOu,2000155
500157,4,BTbybGsbYHbOjoT,bcynWQWGdfDosiU,2000156
500160,1,cBHJCZLKJQywUgc,qbbHmCLUvVFdfLj,2000157
500162,3,PxzEFMIXkWnaPrd,MbwvIrchxmdUeio,2000158
500162,3,onuezUcArmqpVpW,ZREVUohsBxJMxnx,2000159
500163,1,pQSuaspXZLCLejS,emEDQilQHxIPHkO,2000160
500162,2,xrdnrhmEOloiLVA,lNfiqAXhOOpfhGv,2000161
500164,2,ahpoDyKlxAtHUGQ,AdyNWRwUcMGoHBD,2000162
500164,3,FDOyGnyIFwzTQsq,WyMqAJdtXrJuKir,2000163
500168,2,GGVzxUldbxzNOlo,IjqisNWwyyxFrRI,2000164
500167,4,kTvcRhocXLXjdcV,ONzrJtCVqsOtQgD,2000165
500170,2,xiIxNmeJkvkynXO,BiswmcWIWMtOwZk,2000166
500170,4,diBCmuSgBtqwUZH,QcHhmnOTFLQHyQp,2000167
500170,1,akLRWPduRiiUDsF,OpuFWXGcxbExDnE,2000168
500171,3,IjQFzVDZrQAZhgL,cgrNIswOVjZLVjc,2000169
500173,1,UJYsipbFsGjRAUs,iDrBMMQJHKPXYxH,2000170
500172,2,HHJItflaUQxnAIY,lnWlJIKUWVPsdfy,2000171
500176,2,qmeDsdwZEApVmSu,tIoIuuVYAvbcEys,2000172
500176,4,lvIqaTTnSahijSq,CzIAQohmJWHTqUC,2000173
500175,3,FPTqgdkoqAdbitS,agFQntjDlTwOHGb,2000174
500177,1,VzabPQwAfSQAkDl,OlYJPozvtjSyfhb,2000175
500180,3,AFRptGfoyWFHvjw,lvKXoaCeyOZTsNM,2000176
500180,2,ZYwEVdSyjoNibdj,zQlVymmARlAgwRW,2000177
500180,2,TwWtBsCxvFckQYj,LKDLgCvHTDJgANp,2000178
500182,4,hyrEBBCbCOLauGh,zdCOiuUcnBisBAZ,2000179
500183,1,CeTbmiISjSEYlBw,XvedGLcRRPrbtTZ,2000180
500185,3,YBcUdmdtVQmkhuV,pHQEbMoWpshCBFp,2000181
500183,2,xnwfdGdnPHbHtLz,fLDCXQHxeaTKeXO,2000182
500185,3,CjfUThMgnhOTJHZ,yfHIsiZcRYMTqQn,2000183
500186,4,xCiSBNuSRgSUPPi,OYEXgiuYVCDjznA,2000184
500187,3,ljpIqUCsrdYGjjD,BXlhheEAfqUFwrQ,2000185
500190,3,ShXWGXKqKxvrvin,yRucnuxeuQiEasI,2000186
500191,3,JdHZYbMXUfIXKkA,LYbVbBtzGvCQzNT,2000187
500191,2,toqlpJXRzJeBlTi,aWASoMDfPEKwXeF,2000188
500191,2,orLewMHsdiRdFnk,LTUBFNhtprdQwds,2000189
500191,2,hgflVyFsBQQJukH,EXFBzMlxyrLaDMw,2000190
500192,2,yZITqKhsMdVlflS,khIFZHHJNjNclGi,2000191
500195,3,AAUnhjaESFfUSur,DgnGygnremmyfzN,2000192
500196,3,ShkRKQnHkdXvxcI,DRfrkSpCFhlcRWB,2000193
500195,2,fOdINZIsVzYTGtH,QjILMqEJuYsnKyM,2000194
500197,4,JrpuVLFJuTicOqT,pxcMYWWwbgFXCgZ,2000195
500200,2,XTmEojjnwfzQcnm,heIoRUsXnFpAVrU,2000196
500199,1,JeztHXXMRweVogL,vsmuJkMrsOOYJcr,2000197
500201,2,FHVlGrzHxqfpDCs,DCzfRCRMpucAKsp,2000198
500200,4,yVqqIWylKEpynen,eeGwqLinwCJigMs,2000199
500204,4,XKxxgAHaJcnXaxX,merVNIsVOQkhjmO,2000200
500204,2,ZDzqWQbPkZwiTJj,WLrelZvZYAritBb,2000201
500203,4,ZlSGVlXAQJMEUVG,klTFvGDPWtfBhui,2000202
500207,3,OTbLSJxcPcjSKkt,cayMxVASsuZQAIK,2000203
500208,4,cWOWoxPIhxcGLLr,UktmPDyafgdGyOL,2000204
500209,2,jCzwCVfWauhkKrB,PhgjCRGXKLWiSAO,2000205
500210,4,uSJiMFycNnLUbfb,vnGbXelrcyaOnGL,2000206
500211,3,nNtvOmWHfuYKZuk,bJmnhHBIJpdLjxL,2000207
500212,2,jeWvNSjsExwFVzZ,TgPmobqJAUDjYtC,2000208
500210,2,FYMXAOxQpAaPzcp,zVOBtaLNZINMgkr,2000209
500213,4,kwdYwHizDakTLre,CZZuaiRbMLKCWnD,2000210
500214,3,hkHjYeeUaHWJVRy,pCQCxzglmuRhuvg,2000211
500213,4,jdmHFZsiaWhtqxZ,qEHkxPeKRHnJTCe,2000212
500217,2,uRGOpeAqRZXhQmj,XZURjZKORXCbweZ,2000213
500217,1,XIPUBWAvehZjuVS,KdZtQZDEEvOQhJl,2000214
500219,4,VvOACxdsAPpaEvQ,nRwcKekHcFfxkJZ,2000215
500220,2,IlpQHAWRfOeoNoi,iJWfxwQhnomcnOv,2000216
500220,3,TjIQhSGvxCajrWu,NxMixjnEWEBZQog,2000217
500222,4,yZDMCneNHeQyXZB,SlDSQpWdNJyzhjZ,2000218
500220,2,VFiqWNempboSIle,wmGSSBMqpsLJXdh,2000219
500224,2,vkCMuOUkTquvgSs,qCnwAnqdHTXlFCI,2000220
500222,1,JepZaSFuPuyRNsy,SLYyFBcxTlReHPu,2000221
500224,3,bPMaSsdrmLRyQIt,PBERvJxzSwoKxdV,2000222
500225,1,MdVxInqVNlBMLoe,tSRMgoIvzNSNaVf,2000223
500227,4,ZehJmfvFECNKoYU,YWGMDUSZmabQnzn,2000224
500226,2,RRYDOObsxvIKPRt,SJWHfisauHYqkWT,2000225
500230,2,onHxxixuJUkTTps,BlFSDpbxEGFMWDB,2000226
500230,3,TbAzDEvquIKygut,BWMCCnSJumdrHIb,2000227
500229,1,zEDoMuxirzXsYrR,BsWUOAbfHvGjmur,2000228
500230,3,lTjhQhFraAyIoRU,OvVjMtEzwIJhjRL,2000229
500233,1,gyYUbIxipxNUghX,qjLsSMMKapeQJjC,2000230
500232,4,WfFiddkJvpROffY,mLXfhHuNMlZQTHN,2000231
500234,2,CKJCOwMexOJWAUz,dAbGugumTRKwHbE,2000232
500236,1,eZptWxLNrXpAOvb,mPncXzknrOAqywG,2000233
500237,3,HoWebkmxogDwoUx,xygxmqriFGRZoTJ,2000234
500236,1,ZSUYzjfQPMpvMzx,uVVvyfXmkvdhKNf,2000235
500240,3,YFObgKDtFgstIdv,ABvDRZQoNmTMyjo,2000236
500239,1,bndXxcCKgfMhMSq,JOjKMJXPpYFTLup,2000237
500240,2,AoDddzBSGEzDLIB,DThIajFOtxRkaSz,2000238
500241,1,fzfRjdhrVhjDXqA,hIngSmrdFnICKRU,2000239
500241,3,TyoLOTdazEKPbvB,BMDJkAImsVLkFbc,2000240
500245,3,bXGBPqzdSJWipcy,OsBafQOtYLbfmzw,2000241
500246,4,nQVNLqYtKLDaunZ,VxqNvpgQzSqvcUn,2000242
500244,1,nAfuqfCrfJBLeab,jOpSVGsUYHLaRDm,2000243
500245,4,GEPnWoyyCTVIqwy,DnzuWiRHTRLAwSv,2000244
500249,3,YNyHmJkjtmViTYU,XKoFdCBUiHKtVcc,2000245
500248,3,kDrjEGNwRJNqWuB,ccPaYMIIIAWRtut,2000246
500250,1,FsdSpLmaXSUxsgS,rXfYhhBtiAWTMNx,2000247
500251,1,TtsbuiIfyygTmVs,cEJyLlpjwORcBOv,2000248
500253,3,wPHgJxMTLzJVkXx,pHIkjVjVnFsHSBD,2000249
500253,1,xVVbNzSOxevUXMy,hwPbhdJMLyMygXA,2000250
500254,1,faOETPboZLxvJvI,ydlManznwzktBiq,2000251
500254,4,sEhJVhAIusKeNRC,gwPZOOtFMZwYOpt,2000252
500257,2,cowXAUvvNOELChS,PDvACjETKbatAlB,2000253
500256,3,iFanqSEXWXkalRe,XTNXUVbizzHHwie,2000254
500259,4,JCbioalziiUIjpj,iKCubtpVjZNUFsZ,2000255
500257,2,yFVDRZiURcIOZxU,vIQCXjixSLOqHPo,2000256
500258,3,hkbGfYzpyNlUrFs,vyuDWGeiMycgknD,2000257
500262,4,XXEZUSOqfYwiSSd,zjZFvLtLMwZGEYr,2000258
500262,1,KSjaempHOKfEwWU,lxywxNOjhOLGPKv,2000259
500263,4,mDSpUeOOpFJeucz,pAsXpdxcMlIqbMC,2000260
500264,3,qufYKqrxPloXCZL,abDRkrIkknfUVwr,2000261
500266,4,wCJBVtlKjLZUIeW,cyqBeEOYvtFVSom,2000262
500267,3,uChFBYlnxWSfsxa,AwsOcSrBaDXMSGX,2000263
500267,4,jcKUQOPEpsliEcb,JDonVbZJwzooVGb,2000264
500268,4,wqeXMTnTdinYNTA,lPYTWlMnCRUIBvH,2000265
500269,3,bmIKoLyjBqBHThE,zTURJgCwiRozCAL,2000266
500269,1,DLogZNowsJMpKRD,iuzwNxFoCLHuxQQ,2000267
500272,3,rtGTSmuEmCmPycJ,nhCNYBPKpSihiHc,2000268
500272,4,itsKXrgJdDHZqhV,EPwyXsCOEcKLpcS,2000269
500271,3,STgqilwcjOZzRWF,yPCRtSaifSunvjm,2000270
500275,1,adfpMBFiSaVetRn,GcBRvNLjIXJUyAS,2000271
500275,1,ONjbfYrJveNExsj,ulPDALEzwSUCWZK,2000272
500274,4,ToTAShzkcwrVzNs,PFmImqRpXYxgrxP,2000273
500278,4,oeyFVaFBnbhsXJW,CjtCnGlSEUDtwVH,2000274
500279,2,JNTSOqnqkXtmfPO,LzLtEaLPZIbsLdN,2000275
500277,3,WYMvqfugEmfbDGO,iIMcbQqKMZCMSOc,2000276
500280,1,ivyRfXRvKdoVghC,uYxMwPunkrzbrEY,2000277
500280,3,cRJunIiAhFxczRI,fSFYKHOONZfIytR,2000278
500283,1,aPkppkbAWNvMZUo,PIRtCubCjjEtjAZ,2000279
500281,3,ZSlRxKombgsGTpD,kjQfNcdXzoTwKwl,2000280
500283,4,kMAesloRyxorSym,qzAJslnQNQwoQny,2000281
500284,2,uJekgsYQtxDBqmL,jTpjaYRraGHwzlM,2000282
500284,4,apsXLHVDwXOwoDg,uTcGoCpNjVKQqrp,2000283
500286,1,BtFzzoIAZWMkNSP,awIafXbuqbErTia,2000284
500286,4,PmgZUyUdQgFsTbp,jHAuwbJlHIYCpGb,2000285
500290,3,pRSMTekAtnmrJOw,yHmWXKygSaNrrAC,2000286
500288,4,MQurjwEmENIftas,otPtlrFINxIYSjy,2000287
500290,2,JBlqvVutwcnbNUW,sNoATYPvzSCXgui,2000288
500293,3,dQuOpESxmfDXqaR,GpsFscxmSXQipXE,2000289
500294,1,QpdCZLTgSKYvAYI,wgRBMKLPHmgWzrs,2000290
500294,2,aWOtqmOvmHbhUsE,zDLJTINNUQfdMdL,2000291
500295,2,zvRnorXqQMaMXla,PDwMdFdisHCegmP,2000292
500295,2,KiakITrFeuhglep,dGfHQOlwiXtannd,2000293
500298,4,HDkGrMkVwmPndIq,gAdNovqizsOahqk,2000294
500298,4,bXUXGuBfaeikOVT,GCKizgIzuuyHLaX,2000295
500298,3,nNSKTEfedlopkXP,uXgbnYYaMQTvhEh,2000296
500301,2,ZjbMoHXJSidBtaa,shHngqmqPLlZhlC,2000297
500302,2,sNzudEZpGJNLONv,UgiYRuTaxqVhlGs,2000298
500303,3,NeEgMnAqKVTJrOK,ulmECnDCudwhGvx,2000299
500302,2,UXROKUxLZwdBPEz,embqkAEKrVyGLnQ,2000300
500303,3,zDjQuruZrPawHTF,PpSPfDneVOcOWnW,2000301
500304,2,qOAmqWGDrrZCcBt,SjEOYiHMEClLrqN,2000302
500306,4,BLQWsSMYHueLZJW,QoiIuEUjriacBPW,2000303
500307,1,fwowegLnTmzswNN,NJTurtqwcBpAjTa,2000304
500307,4,TdArajxfuuDvYBq,mmyvWalMafJLyRA,2000305
500310,1,wwyVNJxKtnNWUWR,PBngOvRqybpGMLW,2000306
500311,3,TaumnKHdzNJAoON,pHEflrgVtntWdZo,2000307
500309,2,ORssDmKNjOVsRsX,cPpMMmkfrvVTxol,2000308
500312,2,PApiJywWiIqhyur,VrjPTAFVYUCbrGk,2000309
500314,2,nbTdwSAllCaLXvv,lWzliVdVdKmKAxI,2000310
500313,3,SBojhOnOJrImjKi,MDqUBBIbgKhuuUh,2000311
500316,1,fZKdJFNlrslaxve,ukzoJwVjraBdhtn,2000312
500315,1,lenNRDSGzkjeAZs,qREkaOXWDooVKtN,2000313
500316,2,KPUOwkQSljZVrTZ,xsbcgHMZEshwsWB,2000314
500317,1,jcsXIDqfysruEKa,ZzIyKQKitAridBX,2000315
500319,4,lSJQmSAIMgqSIFN,bfxHTjEddQBBTbV,2000316
500319,3,cIiOUoyoEQDjPmy,TFculdSPuRxqGWC,2000317
500320,1,NbBApXZlUOKbLiI,ntXFdXuOgTYWTpn,2000318
500321,2,AlaIuPPrMQfkoMn,nrdIPTAkZjgohHJ,2000319
500324,1,MZTtLaVlzVbkabY,jyMcFQyuRWPhwKO,2000320
500325,2,JVmhIijWoEQrUdQ,xPevGDDQgwKfgCX,2000321
500324,1,CMOIjrmBLkuFXbB,MplGRboxpngddFy,2000322
500324,2,pOgrcLpFXcBQLUi,uAfgYvZMnzTWUZj,2000323
500325,3,dVyLagXhcAAxWtJ,GCqnETxTdqQJFQb,2000324
500329,1,fwqRwNVcHIQBGKM,MSfKLsQvPGhOZhX,2000325
500328,3,RuXjTosBNFyvBwt,JUbbuzLwFmwgJvf,2000326
500330,3,TKSJbxJCqfgajLt,XznLTXsXuxSRPRt,2000327
500331,4,DvOBUPSrlOBbqUn,wDxSABBkNdrKlkO,2000328
500333,2,kUTVOzGkDpusHBK,BVtDbvDwKrmJHIO,2000329
500332,1,PuWWcXRouKBdNyu,vyyPQdAhGayTcGp,2000330
500335,2,sPImsKzcrwgCDKg,IoGwufgdXDVesgh,2000331
500335,1,trkZIVwaEDrWMdw,encgjJowuvZPQKh,2000332
500334,1,RHXFYshuprZvJVN,CtNlCJLRNrprmXp,2000333
500338,2,BlEJpdLrqYuXgyH,avqQajvWmCjBemr,2000334
500336,2,PeMzoMKOYnATgwz,NRvEqURoAxCrxkP,2000335
500339,1,MVslmYrhOpGZHWc,PMLHHkPOwohvceb,2000336
500340,2,xOoZZjbuzbRQMwd,xMLJlJPgZYATqXy,2000337
500341,3,VJrarajMhSmdTmD,dEaexdxBlguSsRn,2000338
500340,4,QMQBaZoTWnqOhtx,YInXIoQLMPvJjso,2000339
500341,4,dURueFfBOqIpZSG,qklHNYJbeZDdpBN,2000340
500345,2,ACDuznNnQidKJlK,QxASNCmURdgpcsF,2000341
500345,4,pFOGPnxAEUWLzBo,SMzoRgkrvJZiPNS,2000342
500345,4,hJTCzZboQKOOpzw,MZRGWEpukpGIatj,2000343
500347,2,gnEIQIIkTnYGKnk,xXjuhSzMaHDVyin,2000344
500347,3,JQmAhIadQvPwDyR,mRAIxrSvlaHKSEb,2000345
500347,3,OIOjjmPKSIaMWjn,WDXbOIYRaSiWwFf,2000346
500348,1,tiJNKnxDWdSiRhL,TCLZYIOCaJUxYHx,2000347
500352,2,xmBtisjbaZVzWIv,BSWNFOWUdAeNsuJ,2000348
500353,2,cYzKLeIwAXRISlf,zrVQCHpMODUtWQJ,2000349
500352,3,aaFXcLGdJXVmRwO,GLrYhVClWYxOQNv,2000350
500355,4,hCBCYArdCjBcIZZ,zRkxZlpVEwcTMkP,2000351
500356,4,JbsUFNndBfgPREL,UCpXgbaecqmQUwg,2000352
500356,4,TDwXnMSnarOduQD,gqygKSNtweogHYh,2000353
500358,3,bwJkcNxZibfcRtQ,JHqlTlaYUNTHJcB,2000354
500358,3,myGWqKijUbBnHSR,OwNHuftZVmvUAvm,2000355
500360,1,wRUuIuSSHrrJOzI,EgEkStPayvoEeLu,2000356
500361,4,lKxsDoKcmSUIYrC,yKWjXwPhwKztdAr,2000357
500360,2,ykSmeCNbGTIYGgo,euOafMAjcolKVQa,2000358
500363,3,UiMjqjWJKoCtxIq,cdfHZCpQumuGkFu,2000359
500362,1,hFbIYPrgzuaMYhz,czUsJkTOpqMyoyX,2000360
500365,2,yaZQfZpCEjCuUBU,iUJwNLjZaRhfwPh,2000361
500366,2,jQmorHbCgqgTzOc,QTDlolXtLXtgOeg,2000362
500366,3,oYkHylqCKSPWQzf,ktwBADvlkkXqOBf,2000363
500366,4,xIYhuLlqHHwGncA,yuivWWcPcqalkdy,2000364
500366,3,choMDRPHCyuhmzD,yyRNeaZSwSxJTmp,2000365
500367,3,hsPVDHcTbFmTOVM,tmWJKsrCNgGXnCP,2000366
500368,3,ZreUQcrskFERoxc,RAOFVmmFuniFCBS,2000367
500369,3,seVDBRkSwaSiGsp,tArqggMOdSSrCRC,2000368
500370,2,IoVZQOTlfeDlBVQ,MORvmPXwpPEotmi,2000369
500371,4,zadKRezwEbdxFLL,zvrVyVZgsukCkHC,2000370
500373,4,hevzmJSSWwODfiv,MWVeKbGgzduzvEZ,2000371
500376,2,XSyxNYpQScVBFWO,ffmPZDYPBHAlNRF,2000372
500377,2,pKpyVxbHbWyDUTz,YVLPQgWleiFsIpk,2000373
500376,1,qEElkUYfpgcIIMh,CPdpUgMGrXWkbYI,2000374
500376,2,StaonVkZjixOfbs,hUEdSzRBzQEWoha,2000375
500379,1,mUwuacspeZBdUCJ,HlJEMijcntPzrXZ,2000376
500380,2,AZXRECJmzqjGVaE,NxrPAHEigTLDJjE,2000377
500382,4,aKLYJXTqUtcMqUi,sdzeQdkCeXZgdus,2000378
500380,1,ksGahNDEvFJDyFH,DTQCDLSCCJpjKuJ,2000379
500384,4,rchMlbbAYbgHrMq,oTdvRIYYgJaJRpu,2000380
500383,3,VqQwavbslwMgrYH,MRIaZcGaEknlCtH,2000381
500384,3,pGnqcGlKzlXIFNv,IFEFLnTfVFLzMXB,2000382
500385,4,BdIFWJxNNCtOstw,jrWowsVWiHblZdU,2000383
500387,2,fMuAloZbrAzvdZG,HOzYYbQJJvSPkyh,2000384
500389,1,BxxSfUfXsRTDBqo,TPdooEunsrfEbXr,2000385
500387,1,QsqMzhAdamvGlIU,fiKfhGvvsSzoaRA,2000386
500389,1,AvnhOBJlecNdMqW,gvDloSMgsCjHQjV,2000387
500392,2,RbPyjHbTAqhlENg,WhFzSnyFJikNOrM,2000388
500392,3,IwUgebfxeMiSYqE,TkQmSvelTfEuMzG,2000389
500392,4,UfUUBAHpjHMgxxt,hFJSigKwUODvBvJ,2000390
500392,3,CebCbWysbBkkdRe,MeeeDNQNeqnjmVm,2000391
500394,1,dLSBJZkMIqQSLLt,tIudNtPDEwmJaqw,2000392
500394,2,uierkcKqbPeLYtZ,tMwqBXLVVsHUpSW,2000393
500395,3,uYrUpgXfoOOBGGp,oObNJYbbqCFPaek,2000394
500399,3,DWwfJrriBLJnhYU,jSYddMSsKhCMYiz,2000395
500400,2,XHKxugJtBDHKEQh,ctwiyfxPssTBsKE,2000396
500400,4,JJMhHtdukHlYKDv,TOSrAuodAcsxRMZ,2000397
500399,1,rQIGMSsozJBhFHr,TeUcPbafZGPwOdW,2000398
500400,1,mmVVWirdqjyRlXX,hZyBtnliNaRXDNn,2000399
500401,4,FvgEzTcelbfsmlw,lpXTAgdqbAkgXYT,2000400
500403,2,KFPPthKNGFZvfmi,RvQOXdWFqTIbPvU,2000401
500403,4,GtQbxndcQgMQbkL,MefzYWPRRCbSpQq,2000402
500407,3,SMbCWUiCJnaUcXI,RVVcTfzQdMBqtPl,2000403
500406,1,jDnovKbvWfVSkIS,crvGkabGXrsPLGT,2000404
500406,3,rZHeLgBZGXHAfLn,ETyKOkOlUWgffho,2000405
500410,4,iXQStVPWVvnSCfH,oeXlFrQMNHRfeDe,2000406
500409,1,kMevtbGtQBTvbkQ,RWTTSNXzFKuaUBr,2000407
500409,4,QEnbnHQjAXaRcXs,LaBOWPVIMdtHOYk,2000408
500410,1,OCbDmKFEOKSksiD,AMjohuHhJIUhXEK,2000409
500411,4,mqSnwEfDojanjjM,PTThwMoYUhUhKpw,2000410
500415,1,cfejCKHwxFNszgm,OZzAiBlsAotLuIA,2000411
500414,3,HNxxPITWeJFlKxr,DQriyrZixRAoxPp,2000412
500416,3,SRDRxubXybAMZMw,HwOkdtCXCgbKpFW,2000413
500415,2,FtlWxOQPRqqkeFs,whNNWumsMVqLZIT,2000414
500418,1,zbjwmglSaORNArq,SqSaOdhnsAMRFCP,2000415
500419,1,nJbjQFBvXTmrscx,LGaXtCoJrBUkkpH,2000416
500420,4,vpcJanfuyUIRQWM,stLmCXKxrDNgQOD,2000417
500422,2,BAAUWjxGILUNadh,tcRFCSEVsmmqoIZ,2000418
500423,4,GBKkqmKdaTnJBIw,KbWAspwNnqRxQPo,2000419
500423,1,JidLiVwtASAPXzM,SAkbrRwqrmBSBVo,2000420
500425,1,XkNmmEijbYSohda,bREhZNDgBoWhePL,2000421
500424,1,hmTqfdFenulCOEl,gwhQempbIsYRSBG,2000422
500424,2,mnuKMxyzvqouLyL,WIlRsOGGvtgGwpT,2000423
500427,2,VRnqtymStdZJmYW,epKsIERFLIpHJKI,2000424
500429,3,QAFfIiszaHkdTPZ,nIFtSBhygrHDofO,2000425
500430,2,WWjeMCRFOFgRilZ,bxHzoopIMnIkGOG,2000426
500428,2,KhpxtgTJDFrwsua,yihjsCFWQiefFSR,2000427
500430,2,NWZXdQtxkGCoxlC,NihWmZNxuZwEAOQ,2000428
500430,1,fuADgqmTKkwnOvQ,IRELMnlcNhqtMGL,2000429
500434,1,yXTVTmvNXIunLkv,ihzncKfatkSmlgz,2000430
500434,2,AIZCzVYyaZSraOL,UjLJBmenaKQSwul,2000431
500434,3,FCxOkxRZCnMrbQJ,awQXzHoSAnaKZCj,2000432
500434,2,asCCFOJzPbGxWeO,OjRqpIJMFfvUOiq,2000433
500435,2,RpkuxdOecdVMdfM,BUFhqdRyxfhyUXq,2000434
500437,3,WejDeXwedereHpe,xfRQMHUtsSOChvK,2000435
500440,3,HBqOEXbUzjlZvlt,EdttGwBFjdErEXo,2000436
500439,2,gJCkzbrghuMQVDM,NQgQUNQumaGqcgC,2000437
500439,2,laVmvyKoBRXBcMn,mJKZgpCXJTjXBRF,2000438
500443,2,FkXFlPWloRAgzxe,iuknLHNTXYfkaJS,2000439
500444,2,UuClttCzGcNvYhg,PHeZqCKhZOvWWkP,2000440
500442,4,YytGIFrLnSkmfLq,WIMKNiajqdWndoi,2000441
500445,2,JshxcBmAGmjYMgU,IdeEWSvZKXgMSjZ,2000442
500445,2,NNNcCHlNoweyVZv,ZDeJZXEbMfwrDsp,2000443
500445,2,NKnjjcYYqaTniDj,XAFIYEFIShTlTTS,2000444
500447,3,VUwBoWKHgJjPpgz,YJsicUMnKCfpPpH,2000445
500447,2,EZtUUYtPShmszCJ,imCpxvUWUTUxkgZ,2000446
500449,3,CdpuCRVCjjwxrDa,OJrQbpdXlndMfOs,2000447
500451,1,iHyNlMFZiLFyEvM,OhrTzUeKWXaSyZB,2000448
500451,3,yElEJaVsaIOUzGx,qToQbyJyDnOZCpL,2000449
500451,1,NNStrefThWIykUU,dkDiRIJfQTWjtnv,2000450
500455,2,svuVqGHHfIroSgH,XhsolOwHrDfaUTS,2000451
500456,4,DKyDGBavzTjMixJ,VFdeuVtVbsrSfqH,2000452
500457,1,iaApcKKDMrEPFzZ,BndbSrJTHlgxjPw,2000453
500457,3,VyomrhCLrkBhjXd,AFZEAwPafCYSxBj,2000454
500457,4,RJpjtMefWmvPKFU,HjJQdXDGQIzzFKd,2000455
500457,3,TbesShVGfieytpm,pYFqRkWhGQgfpjM,2000456
500460,1,uDtKppgVLBtDNRY,LlhWYHFGxAjKUWg,2000457
500459,4,uZpVBtzuSbbUJlm,mJoqRdiCbcGqUFf,2000458
500463,2,PqbBHEEHhbNrhlZ,pbRXczqZmmUzoET,2000459
500461,3,jWpQuObvYWMEpax,ecIloUwoKuqeMoG,2000460
500465,1,ICBqMyTFCDewDtJ,SGEvqyKqiSfUczj,2000461
500464,4,RzUUSPCJUMAZwCk,VvvaMgAOKHJgPVm,2000462
500466,3,HxmfwkcjQDgxTKY,zXiENvAVkBqOcdq,2000463
500468,3,YHxTNzEqdSumYex,quZkCmUXChIWMoz,2000464
500468,3,srwgrrmbYIYFmmh,dnyDQdVlGIxBuck,2000465
500467,3,PaVMaayBKBFfffc,JGBjWnUDbUkMNus,2000466
500471,1,DJZIFUnrjTihbeu,zkYnceWiXPQrVdv,2000467
500470,2,xpHsnwvXBITuVGy,cRVPICErQCtwskZ,2000468
500473,2,UrVCFdNpVnPalOt,QuAOSFgAMafWtrh,2000469
500474,3,zRwopVRKuCitHKD,NsMZyZNEMWUrnyz,2000470
500472,4,RrAtiwLpzCqeeUY,xFTtrrbtbaxJqQr,2000471
500476,1,AdjjIyAUUbuIFxI,koDdtiNuNbRIQKJ,2000472
500477,1,oeDnWPJHfzNQrKx,eBTwxSwYycRxPFo,2000473
500478,1,hGUbHRzfJyqBJtZ,WowlxIZlHvpYssw,2000474
500476,4,crzFFklAeiUbTMT,LVXnMCZWhtIjJty,2000475
500479,4,mLUycyLFNWeRkwx,abQvZUJPeIxOeiW,2000476
500478,2,oUNedRoaQRiPuPk,GtuWRLaRVAYEErt,2000477
500481,3,KyYDYIjkOghIvJl,hmdRHmdEqcuAPhr,2000478
500482,2,dqDXnmMriMcuxfi,zfXRHHYaAskOYDv,2000479
500481,3,GGEcELUHuZzKpNH,wRXKsniruaOnfYH,2000480
500485,3,HAechlDTIzdcehV,CbGxdtfFEWIFdTX,2000481
500484,1,OcgzTrNfuNdCpQo,kSHmBazYFBzYBca,2000482
500486,2,zVgJQneiBLZeGqd,zlfHwAvyLlHSRrJ,2000483
500487,4,jvYxUIFQlbFmrsf,gHYVUrBKLESfSIK,2000484
500486,4,HkdyYfxyiweMhXr,jBsihkqxBgWzbzo,2000485
500489,4,iQlrLClmMqFMOjK,aqhasIpZUOYvESa,2000486
500490,1,POdQKKynaACoFlx,xseNzWMbquzwfOP,2000487
500489,1,SQTagtExtYUMCUr,qkAZDgqtBfiXjTc,2000488
500493,2,xWuVznkenYMpgLP,RGPrASKYFzcBEpt,2000489
500491,4,YwNblBRTWwWspXH,nundmdfpiqgiily,2000490
500495,3,GIvySirNkCGtdCA,KAPLdhOePbMbEyy,2000491
500493,4,SRdkqbHAiNMGjcb,TUaGOStUewLpQSA,2000492
500497,3,aLulXdhSKlwcCWc,ddugFSWGyqMLdMf,2000493
500497,2,RplfQXVfwFHiMNO,HzDFkkpUQdsjEgl,2000494
500498,1,mgjKNcTKCbYYDVK,RGrmYiavMJrnUkH,2000495
500499,2,BzlSPIsXirBuQRe,GveUZcrXlMpFdvI,2000496
500501,1,cxgIdkgCIFKkwNn,iWVlyrypvSpbbjW,2000497
500500,3,eINAecxRjpUomDt,llQfbCDeGRlzzDW,2000498
500502,3,vvTDvaSOEcKDqHh,bNNixXzWJrpVVPp,2000499
500502,3,CeaYnpIeUteSuzM,mbhiLciCDcuBzpT,2000500
500502,4,HozHvFXKvGghUHS,WJsUbwqxbwInlzt,2000501
500504,3,JtPJXPcOygydcFe,JpYgriMkUWpTuSF,2000502
500507,3,gggleULjYcJztsd,LHZOTRuZyGNoqUF,2000503
500505,3,yOjzbhBKbNkzMcf,oFdqgxuhOVdpNsj,2000504
500508,4,gHQpJkgVcplGqHR,JvhaQENdaCwfjGw,2000505
500510,1,VcHmfguHSkxwGAr,SAJOyAtYgNDQVvQ,2000506
500509,3,HssKjTEuWjoZXsj,QWTkelPjlghxtXH,2000507
500509,4,iEEYWNaEazngOVo,aDaKJDQPetsGARU,2000508
500511,4,esCQKxRfGpelidZ,cvzpvfVKTJQUlXc,2000509
500513,4,AtystpdWysNectT,LAAbQAJVUDwaPRg,2000510
500515,1,bZScmusiDNIObdS,LooaLLPMXRiKvOW,2000511
500514,3,GmXMbyDyeCdEUze,XiXzOokIcOLQVZO,2000512
500515,2,LKhIIYwJalJuuNE,hLJgTlrbayvDsvI,2000513
500517,4,yjkkHtRPbhpuJSA,IPPQsbaGybCIIUb,2000514
500517,4,ROXuvezwrjyrIEh,FZMfYWoKMIWVAnC,2000515
500520,2,WaPjYRcmZLfLuqX,AEatxSePvEWlWCi,2000516
500518,3,WNjFDKZKxddzYdO,XgdBQoKuVEXMtHz,2000517
500521,4,REVMtaDOKrPorVl,dDiilbSfZXwfQsb,2000518
500522,2,NnEOXFULLGFzZVi,bfontRkOaFQVhyb,2000519
500522,4,IbSkOinJmxWEmCs,gHOucVGyCqovPhl,2000520
500524,1,RRvhuHkKkTZMgGm,rSVnwZatwadqHlq,2000521
500526,3,SofeGiCahYJQsCV,MWYgcYpvXXOJNeC,2000522
500525,2,NXlyUMkSYTurtZx,DZCZoJsBIrHhxNk,2000523
500527,4,qwGFeIPLOLiWMbq,nrJVueUmTLgFYwz,2000524
500527,2,MGcgQfyGgpyeAmf,QrNwuMwtEEjnqjm,2000525
500529,2,IXIrKYsyMzlGyey,uxNMwvrLsgEsVne,2000526
500531,3,fEKQteYquLTvylH,oPjeyrfMRcAxMZR,2000527
500530,1,jaxpNJHdUtcsvPh,rRdUwWLzVLWOVEv,2000528
500533,2,MWSzbTuGzwvgJqa,XSCHmKIzxcQDiUr,2000529
500533,3,tbRMASHRgWEeFic,jEmjmsrKtJEeTmI,2000530
500532,1,rXArleZNoixCFXv,xyAnZEYuirXxVsn,2000531
500535,4,QsKNpgXfYttESIR,DRDuWQmGpwDZXqs,2000532
500535,3,mphUdAUoDQfsxqG,rOVGbdPNNmrPrFZ,2000533
500538,2,AuIOoYzVodxkfcA,SXnFaWmvMjloMit,2000534
500537,1,RkeNHsUSuXLibIS,ZOgBReBbHjBaVSS,2000535
500538,3,RHOeptpPHaHgFtS,AcxVWsEoMSGqeMU,2000536
500541,1,GzOaywXmhaEwTfT,kuLPAhRJXYVZGGf,2000537
500542,2,mHKszuLSVcGocJS,sgwbfsXEbjKIaAY,2000538
500541,4,CwOUwBLTqfuznoF,wjqDqnVShbiNQxj,2000539
500544,4,BTuWcdpEyYiAWIb,FkWrgGJtHRrDRHK,2000540
500542,4,NrGbrVFFcEIXsoF,LDMPugpVxpKQzEf,2000541
500543,1,QOhXfrggzravNBj,sIaEJYusFUjodtU,2000542
500545,4,hbGefkoveDcloun,mNBFhuvWanWiqjf,2000543
500545,1,npbEmzTXYnhLdXp,BnqBIBxagbRHiwD,2000544
500547,4,owEiHlwmBBPSrdN,IWoHKpTbEuszTFA,2000545
500548,2,IDVnWHBBhRKGHjv,pfYRlsefYpNhHgZ,2000546
500551,4,lmVDtcNxijrXuOb,xspnWLEmWhUrEco,2000547
500552,3,QLUaCxwaZGUZAvn,bPoWcdCRtAutpsr,2000548
500553,3,ASjsOnjwkFqsIsf,PAZlloXpIaftfvY,2000549
500551,2,rYptPAMBAkhWiFv,FWPiuMGwzJVjXZL,2000550
500553,3,BSuETLsWUlVjqky,YRCdOAqHJlQkJyF,2000551
500556,3,aVfVNMsZlNAeTcy,fzSuWJREBWeSCOz,2000552
500556,1,nGgLZRoeCofwxGr,rvkEbyTeebTpRyt,2000553
500556,4,GmMXcRHjgnKPmMu,vXFsYROdpzfvIIq,2000554
500557,2,rQvknvEQQuWCDye,EmpDTPniUMMZUhj,2000555
500557,1,fhNrkPZBjbEvsvq,tmCzAJzIquOuYoS,2000556
500560,3,xyyziwyYBWHiMYd,tWOZqtahElmzVWx,2000557
500559,2,hHKlCsmLaigEInQ,gFHzBZniKQdLcRm,2000558
500561,4,eVsAetzmQTLwfXc,sySOYDqrLwJOFpQ,2000559
500562,2,FleZHVanPFERElZ,SbnOQHlswNOuiWY,2000560
500564,2,VnOOwRCHxdPIARG,wWfPaHEyhvGMBft,2000561
500564,4,QTgZvjAPcqoVVTz,TJzVKphQauSrGLw,2000562
500567,3,kzjNWAMFHiOcUet,oOlaqxacXpJCnfh,2000563
500565,2,zLatepFhAnRjeFr,MmUGJVSSGEwPCZw,2000564
500568,3,tFHzuvsvAstWDrf,CZhLTMERnFiNwze,2000565
500570,2,ByHrezVgkVwgRZs,YZCLAoegLZTaslI,2000566
500569,3,wpbgJATkzzwcTQC,zPxTEvzbNeklPxf,2000567
500570,4,tePLzOJvagwxWlI,hfWKqClzyYHImeb,2000568
500571,3,CyMsTlNPkMhNsKZ,QDiAQsDGOsHOfBC,2000569
500574,2,zouYfzJCPVfybGT,lZVQUJBrBDucBAF,2000570
500573,3,oypQHNimxEZZdKb,wroosGauDPCwWZX,2000571
500575,2,hxcBrzZlIpCZrza,ewJUSSiWTZOTGwq,2000572
500576,4,YJeQdMjqLgVzWMB,cAHZaEPOpNPTRwh,2000573
500576,4,MjrwGonefyWiKMU,VjeuGICjkRnmREq,2000574
500577,3,rDxGjqpyKqABiAA,hoYllLcgKDkjIKA,2000575
500580,4,UKNLFHQAhShWsqG,wuaFeeBjGAZAHMT,2000576
500578,1,ACdeoXznrToRbVo,xISXejASEOtFQwn,2000577
500582,3,uyStuPFNbwfitYH,zGmVrLpJUlSAeUp,2000578
500583,2,ytDDLSErpnKtrXj,DDwREPQXtdoDwwI,2000579
500584,3,lyuaiMQckvyHwcE,UbcbwDnHxBBcWUq,2000580
500584,4,ZQYcYpaVrpLlZzP,ZuYpVcUYNGlWXJZ,2000581
500586,2,PxyAbLgTqdQcbdJ,PrDMriCJtKqBcKw,2000582
500586,3,pVlDYhWrtGhBSUn,ULvjqmZySBdotPv,2000583
500585,2,inoyLyfuYSGidZW,uVAdPjIsHVVFkFw,2000584
500588,2,VIzwUzTmLhSwRAH,CzorKjyxAnInrXd,2000585
500587,3,UlfLlKKFizbvQmB,PTswDPzkhBqXGMS,2000586
500590,3,KXeUKxSCGsfYahs,srFmJyAsFIUIkio,2000587
500589,1,hUIjyajJmfDPkuR,gLgEZsPbLUVjjTA,2000588
500591,1,iEzFvzlSWZaCBxx,jgwbtIwtFcFTRYs,2000589
500593,4,CRNvpCQrueWBCoF,OfwvnnqPzBYpnHU,2000590
500594,2,jaAphonvCwvPyVW,BTwGNlVRdPoaFio,2000591
500594,2,HPEVLjzYmoKgzNF,dvrWvUjnQBnGTAe,2000592
500596,4,eMcFCGdPcjbagko,aipJnBFyGCDgWYP,2000593
500595,1,KhFpXYSWXsqprHv,LDVZKXCeIHAoULi,2000594
500596,4,WBUpNGUvUqEzVPt,iGmPCQUexbnNJvx,2000595
500599,1,fHsLPpQbfMQaPrH,BlAnSJxGCPoSWcH,2000596
500600,4,rjPPuVuSiXMzMvp,IzifkQMCXzyRmbl,2000597
500600,4,KRTmvWHiEfRjcjb,dlintlLwEWqICvw,2000598
500600,3,vVBAiMQAohLyNEm,AFGPNNEkPOPXyww,2000599
500604,1,jnyXDhVtaoRnHNi,iYnIvQKhmnxGYif,2000600
500602,3,kVetdCJGhLjDlLG,HiibFcbMLrDeVPO,2000601
500604,2,SnXQYtcaojjrDaL,GpDbBYcOlnZeTAR,2000602
500607,3,hXZxcHlbdZbJrrd,zlDcuofZVJuRmwV,2000603
500606,1,vdOtsnoroQuNNeq,ebjWdnLrlCPJLJp,2000604
500606,3,WwvbZVCsrGGjYHd,xJYyhXwiaDITJoe,2000605
500607,3,qOhfrCyGZefafwH,yfKZsLCFSevTwVl,2000606
500608,3,iaEomnEmlnvGsQj,FoAulOQPmvyTlKN,2000607
500611,3,dCNzzrcSyCTAakz,sgYHSyCCjrdzhTQ,2000608
500610,4,OoJgvwCevaGaWHv,WIplHHSOJXsFlXx,2000609
500614,4,pDJmsYEDRTNcreC,lMqLlfOVMgVxSiL,2000610
500615,2,NkbARQTiHPsxxEg,KIeASWsHKmQaxXk,2000611
500613,3,KOlTQMWVcyPBSNQ,ETHaoPgEorVVKlZ,2000612
500614,4,JFyvdYUZzjbIlTt,vUxggftRwFyzpPa,2000613
500618,3,iwxIBtCSSwjbRmI,YCwrgGZrAzeXlfS,2000614
500617,1,pbNhTqvFgVnKIkX,TFxszdMrAsLEEEV,2000615
500618,4,hpoiTVZViZsuRBS,xmVbcCQBwCllTVb,2000616
500619,1,bnlsnGuCtThsvZV,fiEbeSFkpCMrMix,2000617
500620,1,IQubhUyNIqKVnoz,nSrMMZaViXjEBuM,2000618
500620,2,NmrtqEdAfDHvdiA,mPsKIaecNGcJxVj,2000619
500623,1,FmfCYyfqyEDTVhS,WqnJkKEMhXeuNKu,2000620
500623,4,lfxiEBfASVWgVBX,JHbQuzlDcufzcBm,2000621
500626,3,jHwbtUlUYayohrw,WzOCICRpBzKICuI,2000622
500625,1,MOZHgxNUNUGsbfR,MhXrzdwynlLChyR,2000623
500628,3,bfzMUeJKdIecxNT,XDdZDfMYeOGvFko,2000624
500626,3,PyQrKbVFUzQHxLE,GOFcCAYsYbnMPhu,2000625
500630,4,JZkcBziuHRVYDgm,WsigBMoIPamuJJQ,2000626
500630,1,otBAjfdHazaVSal,IZFtYdGUqumErsU,2000627
500629,2,ZcKGWPXyoeTOLNg,gZzwyljYudWAAnu,2000628
500632,3,sTUAOvoRUXZMYbc,mIHTnjhHplVaGAj,2000629
500631,2,MGaBHeMXDBVhFdw,jgKzAOskTyoiyGS,2000630
500632,3,awAuzMxkJRTFfED,BmuJbbWKbnhETFO,2000631
500635,3,CvgGonJETqhQalo,CJmsFIRfleWZNfD,2000632
500635,3,bYGHPIdzBfJaWjb,MpMtplxqOqzCZVx,2000633
500638,3,vQfuoxVqwYrHlma,vYJQVGkDtdvhFpO,2000634
500636,4,AuyokwaCPwXFwAU,ijIpwzUaAnGhWTn,2000635
500640,3,BRvYuDdYhWkctWU,XiUtikuzsaoGuki,2000636
500641,1,UVYejYFXBRoDvvF,adHPAEkEXfvITVO,2000637
500641,3,HqDTHynXeCifzwt,BTveqpaqFIYUMdx,2000638
500642,1,JGfWfSkEjqWQWbF,ZeXTLvRcxTWcGkO,2000639
500641,3,axWJwlEopMvvEtF,PWbkuFSqyxpVBmk,2000640
500642,2,JTKpNsNDxcWqkcm,IVbYKJjxQUiZYLm,2000641
500643,3,MOzwKMStuSsdUYN,OsnwRBfFnIaFGWT,2000642
500645,4,MDenoKKWJcwpKOK,dnYQvkkXMMKIYof,2000643
500645,4,gZKvgxUJoYPJKXz,HJySttakfbknHai,2000644
500647,1,EkhCoOEANdCLfBq,DosDfIumjlOBnQo,2000645
500647,1,sUKLEdpALuyyuTP,pIzFuMYrCKbSsVA,2000646
500649,4,dUHlarKqiXKEyGs,mvQCZHhwJLhaeBB,2000647
500649,4,SFZRMZwgjUWkjOD,yGqvAFwBwKJgrlM,2000648
500652,3,jzswcyRFyMTXrLf,BWXQBDhEMDDMdcj,2000649
500654,1,aPSImLiqoIywhmy,dTQbRQoLhTSpSNl,2000650
500653,1,EOlvShPNrXwGQTe,ZecUqYCNDNrZnHk,2000651
500653,2,ohMuroJLoqioidj,KrphHBDdHIXLdxu,2000652
500657,3,jbPQuGjeUOMBsUu,EeVkCwClwKOyHnu,2000653
500657,3,hWZcXJgmEoDoRNa,jcaTclNFNrcJbKr,2000654
500659,3,nWcgjaemvgBMbgO,PgbIPNHSYbnkSGR,2000655
500658,4,xnWUkhLsCPcJdfZ,DpQLtqOQjVugpSk,2000656
500658,2,GjlgLlUaYviAnxZ,pEMhjQpNTMjHjWl,2000657
500661,2,LAdfUXqaaSSZPMU,bczxvkfBEILlkKZ,2000658
500663,2,fRTjXCPvSVcSdvZ,IpIMzpzXnfyjJFl,2000659
500664,1,kBZpmBFquWtRWqN,RGIRePRJKSqLIJd,2000660
500664,1,UJlIzdaqAbJUowI,KiSUKBEHspspPRj,2000661
500664,2,IrRLZWHdeCKFDUs,RZVnMOehCkcxqRi,2000662
500666,4,MXNmxrTYnaexWVx,JYUgSvCxDNxxWFq,2000663
500668,4,pyefDGpWnaGLDJM,erMpMAXjZyFftjb,2000664
500668,1,xuiToDMVcmqDSZc,nByLPYwCIwAWcov,2000665
500668,2,OhHcZICHnEqpwZX,IuktDMgrZGtzptp,2000666
500669,4,wCFHypVqixPzutr,ttoxasoCSSXPtuT,2000667
500672,1,XJEqfqjXBCSFSoR,gEoMGWjjatbQtDW,2000668
500671,1,PdZPKMaVvCIWwXa,wyJQeuxsUqJPODC,2000669
500672,3,eBYhXhtBDKRUrCp,jfbxBhvajvXcWJq,2000670
500674,1,VDKgNSKUYSFCgpQ,tddncQYMehvaOBR,2000671
500675,4,ByyuvYUZPiaoKQy,FALPEZICklnoAJR,2000672
500677,3,JhNSqPdxTfMuTan,jeVFqkTpqCAMxgh,2000673
500675,4,TeKvXlLiuVPwLiu,OobJnTGlUbloBMH,2000674
500678,3,JlZYwbulBKHTtpO,BGORnlZUAEmKsLL,2000675
500680,3,EjMXvHwslaKVYnv,uVMVYGIVaVyETJK,2000676
500680,4,UhBJZdRLMyMoEnS,udHNcKrYLyZOpDw,2000677
500681,4,qbmRJgQIQSZZNYn,JIvQiDZPGyiogXK,2000678
500682,2,pvwTeGtzIygIMcT,iMAILwGgEwNejwy,2000679
500683,2,TpfTwXiLhZJdMdY,TCuaeXIzHiihDwI,2000680
500682,1,plBVLKpMAHSOHcU,doEbsbXWkCTQdJW,2000681
500685,2,bAGBCzAbsxRXtyI,LatgeKjxlykXGjv,2000682
500686,2,RQjNQFqIwUrJKNt,yGYPmNgVnUpSFuu,2000683
500686,1,kmmGJbBbOBQRciv,YunCSTHZoujfovf,2000684
500689,4,VNxAaGncySjbfRW,eirJntdlsJXGSDh,2000685
500689,3,NdIumYgIjuHrPMq,mezpIcZzSPXNWeG,2000686
500691,3,ItNyJtLyYhmtTnJ,ynhTWEaZBJUBLKu,2000687
500692,4,oWQYuIYKuDbWYEC,QNqDDaxoMlyThOY,2000688
500693,3,wxZhcFSecSELJos,ObNSWpTzqlPuMna,2000689
500691,3,dAnCazgxCdURGsK,tXweGSpcUCfVMgn,2000690
500693,1,ZjtMensDfJiVxAx,GJpgGrbJibPLKfX,2000691
500693,2,XoMiKnKebcGQwyh,fHBxJuGFSpguUVp,2000692
500696,4,uFyUXdSImJUvxsG,PnOvEGPhkioQYfJ,2000693
500696,3,ihigCWRnjxgciMj,mSSPelRCdSmczmK,2000694
500696,4,sdUzXHlVrUovRdr,HelknoMXXjdxrht,2000695
500700,4,xzAVWiQveLlpMQD,QdIjNoEkVbHkmsn,2000696
500700,4,UxCsinIhqftFqjc,ZXkeiqXGcrdTnqp,2000697
500702,2,MZNfooigDTWvqdM,OccDDJgzDRaHBSc,2000698
500700,4,KMtVfPYmmcXlmyA,gxTbvwHoJOJtiFn,2000699
500701,1,kwQWodwybSZROZz,CShdJHPuEeEPeFf,2000700
500703,2,TVFgHnVKidcOipJ,hfMZQfzAqXLelDt,2000701
500705,4,hNKkuPTVSgAiXfZ,tLJkHKnqFCzZWYl,2000702
500706,3,rROYdPkrYMTGOaS,LvtWiNMFcguExID,2000703
500707,4,gdywZfNltxhTfdW,RdzviYcrVixByCh,2000704
500709,3,EhZesqhccYUPVTb,RjdzDCdgAmkNAcF,2000705
500709,3,radUTKyePOQMYNK,KVgErCcKGlRQZGv,2000706
500708,3,POqzNhcaUObkSJp,yDOsLlfDZuaOfKN,2000707
500711,1,LNQPAAPQitIHbjX,SfETppcnuEcBcBc,2000708
500710,4,GQmIbQRgfJvIpQE,XahMtHCFsTKGLna,2000709
500714,3,OmxMLxeetuLhKcf,VQimOMuaUbkigCY,2000710
500714,4,ptkzXGpEymIgMVG,oDeGYCbiqQQhmcm,2000711
500715,4,zPRgBlfTjqDFmqE,OegONxZQRzRaVTb,2000712
500716,1,ywOmcPBeKOFmtaH,ZNLaayREXfijiQI,2000713
500716,4,afusNmoGlPhASbq,AjSaKOARMAVCtAe,2000714
500719,3,YLlNkKFhCJUMnQc,KmoOZmvfwqwolCK,2000715
500720,2,xDtZPXnvbiVYSXV,wijFSplepYDEDZz,2000716
500718,1,HzedqcNXvVNEnQY,gcodSsxSOVzVYKe,2000717
500719,2,qDYwJGeetqPhJVE,jsSeHrKpBBfvUFo,2000718
500721,3,ubHeaGuKWrovvZH,zZIFtTMevWmbOXd,2000719
500721,1,fQHejjxrWUDYOiB,TXKCMHfHhPWmczQ,2000720
500725,4,jgtcvxWsViEksZD,WxtsfFvyGRfIKdv,2000721
500726,4,aMdXuXZFfoVQcBg,oztXXucDUyReBCg,2000722
500725,3,LDeqwiPXIwTPEbH,dFzQVdcNvSljYMi,2000723
500727,4,ytOXGtRoPtCRzMu,wvxKTIRsPYYTrGA,2000724
500729,4,WWhVErMYNwpZnId,etiWQFYTeyCwbqA,2000725
500727,2,ZDbnvjZeSSMKmOt,rPEijAGRirmWFuk,2000726
500729,4,YRhhdzocgKBLnQR,UzYsrmWCWucTbnL,2000727
500730,2,eolEINPKQSnkxee,eLKxNesewPQeItD,2000728
500733,2,mpDmRxtbrndIqez,gVfdKGuMEroXCMa,2000729
500731,3,PjMDpGRWVnZNtDh,SntYazyTxoNhpBq,2000730
500734,3,IEXvEclYSodrkUG,yjNtUPnYYZEGVMm,2000731
500734,3,yRKxfOLvFZUackY,rOtTQmjDSpJadsX,2000732
500736,3,yIeEGClctBtkDAu,voFCraqxfBOqOqj,2000733
500736,1,aIhSvcviPAHeBEr,GSQogGyUnvIUFwu,2000734
500739,3,RGFFAAbVOMVYdoj,NBiSDGNKrfzUboD,2000735
500740,4,nvtiqLargMzTjTS,CMWpsHmGpxdkCgf,2000736
500739,1,OkgCQhkhzLuyXyW,oZTguyGjbFAiBvW,2000737
500742,4,aXFKEQGIBmzVXnC,vFlWpHVmFgKrmaG,2000738
500740,3,jRjmXyIKncNYMmP,utjGvwlTOvkzbbC,2000739
500741,1,cQHvaRKybkvqKxP,qExZFEmJwJcQxGW,2000740
500742,3,DFERjmpwqbLbPLG,okAZKBbZofvuPOl,2000741
500746,2,eVfAjNAlBxoDkMv,xIkavvNMDGaGiML,2000742
500745,4,ZZNqTICtfBedbiy,QVkKATXQiCSWTYX,2000743
500746,1,MFKqZkwVOPXVSHk,klUgOYJhpLSRhMt,2000744
500747,1,sKyUujTldWfiaiv,sDLADrGgSvuBGqj,2000745
500750,1,kJCrtycelELubjT,jcbdhKyhgKrXizB,2000746
500748,2,VUofZPDVbisfTrG,OKiZFjxBAjvMBAn,2000747
500751,2,uLjrZdYPlAsZnBX,sKLLmsMeRfJPcjH,2000748
500753,1,qocuvTNxaPGrEki,XibpnkuYMKOQbrl,2000749
500751,3,mPgGuLzWmYbSrZr,sqcYxKbGtIbybPQ,2000750
500752,2,NCbzrzWiJXpElIF,NUpEqRnUEoEfXWC,2000751
500753,3,IQNMXbxgjhJrsVY,JkCnoEVvFdJqDbh,2000752
500754,3,ajedrurAGHLoMJp,ICrehnnijXHKdWs,2000753
500758,2,UxHPSDGFuLumPUP,SfOMEhLInDkKYwr,2000754
500758,1,GoRMBmNsbDgiLnc,bMtDFbgseHSwnOR,2000755
500757,4,jTRKBbOAXKvHhSR,XmAbfVtrvLvfNsU,2000756
500758,3,UqLWqZtkdWLVtoX,rIBdLooBqLzGPLY,2000757
500760,2,oepBFhgSuacQSme,EKqbJBYSUtdgTsN,2000758
500761,4,yTPAPfoJiKwockF,teTKFYrYlWmpLvw,2000759
500762,2,uIUpYVwExbOyHjm,WuYMLDwdQRtFvjQ,2000760
500762,2,yJqvKTdHDNwnpkP,riiMVXtgThJYPPb,2000761
500766,1,OxbkKypntnlSUil,njLwFXWeqihJJtR,2000762
500767,3,mtbYIRjiRwMMGIH,nWQlpnzGRyVTjgu,2000763
500766,4,AxAHuLAiApZljqY,ebTumTHjacPEclX,2000764
500767,3,SgjSRxXTvUVJHXO,oyJJEdQSqzGcIlj,2000765
500770,4,sGeoXrliVtmVBZO,frljAvACYSVvPxv,2000766
500768,2,sMwbTDCNKMcxMxu,HQdyeDvDmYrzDaU,2000767
500769,1,qrPMlwJUgecqXJg,KGGOXCBVjawMrKJ,2000768
500771,3,grMryVHthJxqqJM,QeWNGEuuvngnRRi,2000769
500773,2,yjROEKpCTlKczKz,OxiUQLkLOAIiUfO,2000770
500774,3,bsGVTpxarSbQERL,qPkTHimnMWmzDmN,2000771
500773,1,oNCLOzgXuRTjtJO,TsLslgwljmqgozo,2000772
500777,3,OGNyjdQBAkoJIZF,BTgnQpiXVmaHFeY,2000773
500776,3,ZzvCkJUUocRmrco,jGaltzkZYdAAVQl,2000774
500776,1,uPyPrTlYFqqzLaw,BmMwDtgYUyrADYE,2000775
500778,3,ndhFnYFhtohghNu,NgJLkIRXXPBhHde,2000776
500778,4,IHYQeXNZwqVbmju,ZDTojhdxTSOKZnW,2000777
500782,3,YLUFbwzbvfsjsxO,hysdBMTQyGHMAXA,2000778
500783,2,UmglHRFGwnvWmhW,txJDVAKOYUsZXFz,2000779
500783,3,qzAWbEoZkefQyLu,FrLLlZwlzBIxSkA,2000780
500782,1,FdsXIUfGAGCddMi,VeVHPtFMIqypiKO,2000781
500784,2,PIlAOZaITJCQPfc,kAyffQYkuHQvjGS,2000782
500784,4,TMGSaNsoECDSXXW,DTHgHqEyYVkHHFx,2000783
500788,1,JBdBzjfAtksCgNg,crbtpMNCKipMTbg,2000784
500788,3,TvBqTGRoYEuMSgt,aBtYtzYPTUuoaTN,2000785
500787,3,CBtHIUCwNqAploa,wqtVNAqsrNtOCZc,2000786
500789,2,ajBAKUWevFHVgBX,mLjQwYacCTXSFlo,2000787
500791,3,MIbMVidheHQaMua,jxtgZmVpNyGhjTE,2000788
500793,1,yjJwDeJSFDwYSpY,OuZXkEErhXhaUFT,2000789
500792,2,YZmjZswYmIJGBxS,ELUrTPGFgXbPJmP,2000790
500792,1,EyBpixkVGoFgMez,PYgVgFwdWSpHySn,2000791
500795,4,uhLHmuRLwYMVUaE,sjVqQwPwOldslbf,2000792
500797,1,zOBWfOpdPmHeEjm,PMuOPKKJxPjULuB,2000793
500796,4,dMVdXiiSezeSJgP,niruwGYYwYGjCwH,2000794
500799,1,MiPkBnvJaqkaUHG,ZfxQbMwJYgEpTAG,2000795
500799,2,wbDXMzfwXsgilEy,MYLdgDXArcGfOSi,2000796
500800,3,eFmsiEBZkUotyRC,rscLVudQcqjRNmH,2000797
500800,1,GqgFbaDyxesVuNM,swttlmuJZQaoqsQ,2000798
500802,3,ShzrCMRpFgEsZzW,qGYPCBWXadNMfMG,2000799
500803,1,IGuLcMGjvbKFPIv,VjaBvWqfppgZDXf,2000800
500803,4,QTzqqjmIIjXgIEn,wQALLmrKtgluWJF,2000801
500805,1,TSTKmPvxMxGxkyI,TrSVoxkAdKgYNOX,2000802
500806,3,hJwxwvjMtjDwbYM,pcieCCtjamKbyRP,2000803
500807,1,WEVaEKASlaGbPaE,OrtTtVfVgLOSPrt,2000804
500807,1,isnuoYMtxjUWXYh,tfzGbUtCPOQQWri,2000805
500808,1,MCjeWkmCNNNBsxz,WmzqcYwvicUZZZN,2000806
500808,1,BThTVFLQnSwWack,TuDOkiokvcaEiTC,2000807
500811,4,BBcXBlmcABjIGGj,LBofuZZPDZkeMCc,2000808
500812,3,UlTTIzDoeLfBQWJ,YPqOaqOVpcrpfXe,2000809
500812,3,KpsBxiUkZYNTlTY,twaOyZPJnxlmLlO,2000810
500814,2,YiVFsuHIqOUUYcv,omCwLzAmtsylrxK,2000811
500813,2,KMesnquxrLDpyCa,lrvXvowwQaDazli,2000812
500817,2,DYLEieTzOeJZEnP,lbZLWrtFIcxjdqj,2000813
500818,2,vJXXMpVqOgKpRnr,hjMfdzGivcdgFen,2000814
500819,1,LjQIohCgQSmzhFt,AsrLfrpZMgiiSjV,2000815
500819,2,PEMYELqYbMUiqTr,zoCmfwDTTUmqINl,2000816
500818,1,zgqjUYUTDDiBjnK,kWDaERopfnxCOMS,2000817
500820,1,JGcMUgErAxEZRIE,QjectmsYKjFEDPG,2000818
500823,2,ThnSlbCuyqPMLFl,ipOzmYvurEkriQS,2000819
500821,3,hbjevdNMPFMqeln,rfTLbVFVWQbCPWS,2000820
500824,1,UAUunHLdDwTnFXN,qLUmaSfVmSOzbWn,2000821
500825,1,CtWxrbJeTJRIfJH,uDMWEdIeqHUuHgb,2000822
500824,3,IPJLGihiamvNMgO,QBCpgMIGiqYSRlL,2000823
500825,2,woSmUxNlagLtzZz,LRPwikAzoxOATAm,2000824
500826,3,HUflQOvsuUnjbof,WgxoVaHJhvzUqvo,2000825
500830,3,QaoijfgCSfRFoee,CHpQZAlBlhchekR,2000826
500830,2,LMYRBLocuxsEqnc,pmCFvodbojsqUoy,2000827
500829,2,rIEGQUpRfcEkLkc,kARqBGAovypUreF,2000828
500833,4,rUbDGUIVAGSNuix,urBaeqdoKzVJHsG,2000829
500831,3,nswNzZKqGrACAkP,XEHlygxWCoAqzDU,2000830
500833,4,LKHxXPSkuuKdnjh,rzjfmWLmUUsYGMb,2000831
500836,1,CMfmedOkVlygKYO,CpCGYWAIlXGHaXC,2000832
500835,1,vUCeszefLZeFZuP,LtBRMEjcKLeyFlK,2000833
500837,4,rPeNaTsBcmoGiAL,EjPMAfdnhiaNOmG,2000834
500839,2,IYXFbaxUWQmGBVI,iZEKiLIsmdftkcO,2000835
500839,2,dWIoHzKnCsZbbhE,yCtMteyyCzWyewR,2000836
500841,3,idSFGpoLFZWqHLC,EHwrVZwZYKEcSXw,2000837
500842,2,NXYZbLWkISfkhhJ,uacwoHjpDJISZJs,2000838
500842,1,ntctdZjPskdZNJx,BAEvPVxksTIrMWl,2000839
500841,3,mRCIkATkAYoSoIH,tqmyqqZCbSeBnrD,2000840
500844,1,feKWquOIzEaaCqQ,yTNksgpPQxNaxhw,2000841
500845,4,GeZhjEGMjssuySY,pEddVoaMeixjVdv,2000842
500846,4,PBOrtJctoumQwJC,XsJFhdMeIiCVvIL,2000843
500845,4,aSOfNGLgFStMTzF,qoIIuPbnnsMfQTW,2000844
500848,2,NklFSWpAqacWYsy,VNsRcxFQqgYUAhJ,2000845
500847,3,XxdYBxfLLjsDdDR,XcIXQWCAdInScXt,2000846
500850,1,YDKDhthHaHuVdfr,uZaDhDJoJhMNYbJ,2000847
500852,3,oqvCbobiIWAmnfY,jrkxvbWViLPuDJP,2000848
500850,3,evEZHNPPZiCrjJT,QnAPQLHnrRIGwIs,2000849
500852,3,euPWAqbxQwhzBTR,cFdKhuvHcQxppzE,2000850
500854,2,nxDHuMaaXqFoWiG,kuBiWnJlRtRytXE,2000851
500853,2,WBoMmECCYDHqQng,AsiZAFGkCmzbEFk,2000852
500854,1,EPpZIUfKXGuEatC,LuiodNxaaikVhdl,2000853
500856,3,wKuBdDTlLtYQGGO,ohVYvlBykKtXxmy,2000854
500858,1,NAnJghOubNlzwOI,tRBWgKQTSPWcxcc,2000855
500857,2,IIPBGYCiMSntwGD,XJvSoAqwEXBMNgz,2000856
500858,3,FHdwqQGHwwrFTZW,tmoiJdCsFtBpHqT,2000857
500861,1,prhqAopHSBUHdcy,oFfUIPSLhkZeNpW,2000858
500861,1,fipqfuJshLGjeDl,zptyPEwnYlQBQsN,2000859
500861,3,CtpHAXdRYdZYmxx,reBttSVELXPYZce,2000860
500863,1,FPFHVEweFuNxxTI,IgCdgqWhIwEsIYM,2000861
500863,4,GPrEEzehiaCMwFz,mNAvbtZCfBtBXBA,2000862
500865,4,prsPjauGLiORGgi,ybHKkkvetZLydOl,2000863
500867,3,eAArTQXwUKXbDVh,ONnGTopxzcfXEjV,2000864
500867,4,iFVBDVrtIuzllIM,MCHDoTeOIlVaCeq,2000865
500870,1,FBVikNfAQXeBhOL,aoqrdHuBuWjFMLj,2000866
500871,3,WQEeAixKkfKgPpN,FlncabOvvfVsoRN,2000867
500869,1,uiTTcFubSXrGkYJ,jDitRktlcmHdYJi,2000868
500871,1,QAFzOvybnnbynYm,zjlfLivhYUcfPtq,2000869
500874,1,aQVCGKNKjcgxxtR,ZuSupMaUFuEiKLN,2000870
500875,2,mcizsfHxMnXsHoS,ZRmPZGDgpiTuQwW,2000871
500874,1,QHmfEEAVrnPigas,EZtklPSfrYOFRbg,2000872
500876,2,QvHqfnwDeWKjOkM,hBwxPpiSBnRdcjX,2000873
500878,2,AsIWUGQXWAvHjwc,ShpNGKPcbmRYxjg,2000874
500876,3,cHqGAbqVBhMLNdW,swYmNFvlNAEhYii,2000875
500878,3,kXSrCJtGbtzMpSD,sTLQgASuMJabEmy,2000876
500880,1,tgyrawvcBlvcWDX,yybxKYAJXazkPCu,2000877
500879,3,DIJQKPSPrWiYJdP,rbnEUsrxNNZLwmT,2000878
500881,1,BpbTJZrVFAOlePt,LUOsnRnbmYzMiPa,2000879
500882,3,TngcqCIjkWDgeej,ZKGCjVFdYLeDktA,2000880
500885,3,oTQQiwRpqiPYYLp,qfVnkLirdhYLdLS,2000881
500884,2,fEawRTPvAmtKdpP,mrfVOxPBQbhlWiN,2000882
500886,3,JmUMhyuyUpvEQTw,oppuXKQyWFCoRGR,2000883
500886,1,QIrSEFobxLEqSfe,DmujHTpvJonQDNO,2000884
500886,3,BAjbGvdJLtivKrz,wKkEJJaEwIPNGCA,2000885
500888,2,GcNQQKKsnICvjEi,XvSbXzLeKydleFk,2000886
500888,3,EzAiUPrFYIxLEpB,RqQEvqAZATLZOpo,2000887
500890,1,MyYGqCXqMQNuhTk,tEIoAqvYaYdcsZG,2000888
500890,4,fElDQKYvOMzLWcL,hHewqSGnUIqedIa,2000889
500893,2,qqzzQIFeYGDkCWb,VjjxdmHBXaKWYHq,2000890
500893,3,uXcRNSqfqGwRYAw,dBzWvJbHxoAIzeC,2000891
500894,3,OQGDEHgrQBWMEMk,JUQaBrKHyKXzHaw,2000892
500897,3,MxMjZCqOJcrFjtx,crRnocsnkDMPQbT,2000893
500895,3,xfrGNEXJELEToQH,HtoWaXQTYmPCUNT,2000894
500898,3,IpvTayGQtlejazF,pLwbwASdolKUGSh,2000895
500897,1,wGvooqNbcxCFjSC,QJdgxmYaYIODVrJ,2000896
500901,3,HwptLSUDrnJFgvp,xwVyuGAYpFWcLKW,2000897
500900,4,shdGfzETjCBAgsc,prdWPJdMoWnWFZr,2000898
500903,4,TiDpCFdHYPxPijp,noMsmHkyoAAHlUh,2000899
500902,4,mUzsVTUGVxJOPCf,ZrQeyXVjLLSVCxj,2000900
500905,2,UcHFtpeQbpFDFJo,HeccoVMYJblhznX,2000901
500905,4,YwcdQMldYZdPdDQ,ApEKSdfaDjvUbAc,2000902
500905,3,WMfOWmzqujgpmYl,rRtErrMwDaAYOxr,2000903
500907,4,SlLVrbfQQguNSzi,mosJSOcFlWatJbr,2000904
500906,2,zkiJDtrvzOGZuNX,XDRgwgRpBpRIWPZ,2000905
500907,1,VKKrctJjXgPlUcd,BPMCPHNMHvSTtWA,2000906
500911,3,FabuxrjhvLVYcxO,RihabDAhBKdZGas,2000907
500912,3,LwEOpqgjrpBIbFQ,JMqFHFTlxuwBwTN,2000908
500913,2,vAgeZuScFjcAQhm,pmmKahoncTGeobS,2000909
500914,4,mIEGGkEOxJHMgNO,quiEDVblorNpAUr,2000910
500915,1,esZfhGLhJYVrPDA,qKHdbDBkEtTxnsD,2000911
500913,2,ycedJreOyRbHkel,pMhARJAygegpdNh,2000912
500914,2,PgSfwxLbWYppVdf,rucqHODkJidXLLK,2000913
500918,4,jrzBBJQasoOPdMD,QHWZQXHICdbvqVW,2000914
500916,3,xbwTWTBDRuFUjid,xMmFxViAoAJphEL,2000915
500920,1,wJlNQUevbQzAUIm,uhhTNYYEAzGTSlL,2000916
500919,3,vIPFfmRnLfgTAPO,rafKylvFDEckWne,2000917
500922,4,qZnpiPGIishMqDR,lqAxTJnXUCDVmHO,2000918
500922,2,zaxRLfsBjWyxbEm,sBMyXsJzYhkwkVr,2000919
500924,1,rMIFBqnZFfBeWeI,ExWrhTThmCbIzsB,2000920
500925,1,aNXKMztYmUYIhaV,AZXaohQmgiDzgGI,2000921
500923,1,xdeLPUVmOHhQwEw,mIvAFmvajhjhfDh,2000922
500925,2,TQoDTCFmFpweEXU,wMhTwRAZglIhHje,2000923
500927,1,TOGURkOeJXSLwyP,PuFGgnMhfxGlluU,2000924
500927,2,PRAMUtPvlhQjiBP,XInstNMZIxbjNVB,2000925
500928,3,iXzFFJepgURerKi,vxOiUYaXfAzyKrV,2000926
500931,2,uwvaeqjxuUGzrpz,RvktyJbwfwucDxi,2000927
500931,2,XkIUiBLNCplIzDX,SSgRVwqpXkRaxrr,2000928
500932,3,wAXsqPryKToFkyp,thzpbFezteQpbAI,2000929
500934,3,mgcyTycFrRvlikN,CvYxSWLQMmbJuNm,2000930
500934,3,cOfMUicXHrvOQFp,VRpOEvXCReaJNOi,2000931
500936,1,uIyaCZhICzXyiVr,TcGlSZXQyDGsdno,2000932
500936,3,qwxzJEdxuQOQOqR,APvpkXmhZWbVBKM,2000933
500936,2,MvIWVCyvChEylhp,tyiYuTwlTqHbYJs,2000934
500939,2,frTxEpxUJfSrrEj,jgVNntFKMqjcrlJ,2000935
500939,4,UfvjyfiXRrqcaEX,DuxgezUZEmDIukA,2000936
500941,2,SlrHHJYnpXbPhDm,cofeZwakxVRMEZU,2000937
500941,2,GpfvYtHSHHQYIXi,lsFHdCmnrQplkkB,2000938
500941,2,HKcZZCYxLKJkTDd,BCPsZidlSGujVhr,2000939
500944,4,jGnzhNOtjujkMpr,eLMlwSNzgZEGEbA,2000940
500942,1,nLYzRncisTbXaqP,rhIHyPYHEPoetVl,2000941
500943,2,KIIBKfBRiMOcsaM,PlPkZRyLvBdyhOs,2000942
500946,4,dfCvSTNvVvbvAAZ,zxdaZzuiCSgNXHK,2000943
500946,2,INcdIGxFPgRsgFc,nuBoXpcWPOkHPUe,2000944
500946,4,MKiiuLIAGLwCGFa,LFJUcuMQuMWYvvn,2000945
500949,3,dNnTbwBVDuYHFuI,nTqTCPLzGBPJRsq,2000946
500948,4,knXbcWkpPuYbIgl,YHHziargFBACMoU,2000947
500951,2,zoOWhjoyUJEeklO,ErCyhNebGRGNGgY,2000948
500952,4,JeasGTOfhgCLtFg,HAOCyRyHBmYoVDc,2000949
500954,4,AFmMMDJOnvNVCbW,gKAVRpwcqYofbzR,2000950
500953,1,nfULunIxctAWKsu,WlYrEFnhKReLTma,2000951
500956,4,huUSupxfPLzfjwp,kDebxAJLZoWnaVZ,2000952
500954,4,hpGjNakPsLhQlDE,ocnvdbWafsJTIgB,2000953
500957,4,wmMrqBiExhOfsPo,VhyKRJTfPMlpJaA,2000954
500957,2,ALoxetJjlgAbdSW,hJXDwxvsywWtvew,2000955
500959,1,aaWiCecwjZMywvA,xIwnSyrLwoIMHcj,2000956
500961,3,rPgiwDeYxZOTwGI,HTYhFSAKJtHcvGy,2000957
500962,2,BorAxLUWEHrKXax,qpQgVpqxsqGWWNh,2000958
500960,4,TrrKUBOVCPZtLhj,KmzPivfqSrOXlsf,2000959
500962,2,HJEdmdmSylTWerq,UgTVEdSlowYfKbS,2000960
500962,1,NoOejdKHksZDQJZ,ZGDTJmfewXoPrUp,2000961
500963,3,WWAvzvpvNbNxOqT,VMkWWJeeWvqYxKe,2000962
500964,4,jpUYybsuLBLGWCq,WPbZOWIBMnJjhZQ,2000963
500967,3,VACOrsefsXOFtED,STvZtLfiYTJsayy,2000964
500969,3,tPwmLaDyWCOpNXR,eqUpqIldfhLnUGg,2000965
500970,4,kDhKwtSBiRAsohk,RrCQkRmGuRVRGPi,2000966
500970,3,VCJCKvUeHNizNts,jaXUpyRSJLaeFzm,2000967
500971,3,zFgwIPvShUJJibn,ZSlbWVekVdhJehu,2000968
500972,1,uDUcOBwsOEyZDlY,xMZziyohywNmhrh,2000969
500973,3,ivZZQUwfcXMwQCQ,xQwmzHvpPSfEjtR,2000970
500972,2,TARYWchkPgNtIKE,SCbJmdJDTQasvxV,2000971
500973,1,yeqyPiZMxNSsVKd,CMLMlpAkkoKmgRC,2000972
500977,2,xqHCFQvupVLDGUb,ZrcDbqqarhdWMpW,2000973
500978,1,GDQlJsjiLqKbOVo,gcBnjKyMkksbFmr,2000974
500977,1,ZVJABhxnOlSRvyr,XWnqCaJSPwyMFup,2000975
500978,2,ohvXkDaGgSGzHiD,WoexagMxmQfJtJo,2000976
500981,1,VqRFKzKbGOWxEdz,WcqNyYRgYwqneaj,2000977
500982,1,infCHPYtcMmFjEs,ddjNUWYmksOVfgY,2000978
500981,2,yBKlHIbIEKyutNf,GXZwsvEHMZRoeaT,2000979
500981,4,NyJFCkqNdPDQXFX,IYByjSNQrtoVnfU,2000980
500984,3,pDmkqyJuaKeHvwV,xnjUOJWjCAPlKYk,2000981
500983,4,gumcDhhgJuQdDdm,YLFQVtiOtFRxtix,2000982
500984,2,IYpsDbmUeTJUdVw,rIaetnplMEkELcO,2000983
500988,1,XQojQuWcHrqijpa,mmJYFuQkhDLwCfE,2000984
500987,1,IiDLDWRTZypsbmf,YPTLpppcSDfqvQL,2000985
500989,2,NcIMtmCEzcDqVjz,pmuVcffHnrJzcTP,2000986
500989,2,cSEfMofkHVZmrHx,lsNIScQGUQzfYHC,2000987
500989,1,LAMTEBhdojqjNZF,zvOQANySuUvBwTD,2000988
500993,2,nWgWajeHHnaqMuU,lXdArpWTebSOdBa,2000989
500992,4,DBlnayylfbgIRsc,IzZdwRuGGPdvEtS,2000990
500993,3,kffxwMVkxDGPVuU,cBshwctfCPoeeqF,2000991
500993,4,iVmxEovycwmkmpD,wZMVYdOGKPrBLOt,2000992
500995,4,HNaUWFPghhKUWkf,HXIqFxMjzjnWnwj,2000993
500995,2,HWokkSTIestgdGb,NJHCYePAspdkMZn,2000994
500996,1,pXvgmDEPxEnqQoX,SxKTjVmllqgfflA,2000995
500999,4,poMusKULAXyHpfc,HEpihnrQIwiMWOx,2000996
500998,1,hYhsbxSoCtgmRhH,JGbBskmhuWEIVJa,2000997
501000,2,qJgUdPQLBTVHLqX,frSSfXAuVyAgljN,2000998
501000,1,CSyOGhTpdOOIHyV,PpTfxzexNzKnFqk,2000999
501004,2,zwmVKtKaiSsdYqY,XiYKcLIkBOJfApU,20001000
501005,4,ttokeZqfumXulEr,WZvEodNVyVEdxLa,20001001
501005,4,hgbbrWGibafrtdl,SaLUhZFcMQQDBRk,20001002
501006,3,mAWRPRruFphwnCY,acHitlNHzIrsBZX,20001003
501005,2,JlOkkHYRyWFovBQ,uIcuPFdSqUKSWHr,20001004
501006,1,GyhxvLiqmpWVYgy,UkMvCDZDBcdfNJg,20001005
501009,4,svKctcsZaScxdTo,dSVzHBYsAKTIYBF,20001006
501008,4,IIEBhvgtNmpcYBH,ciEJgyVFNPVYigX,20001007
501010,2,WgDvUvITzpPIXSL,MyqQEDCkFaLnWWv,20001008
501011,3,UZTuFvlabzJrYJj,frVmjRGFbdnbVmA,20001009
501011,2,PcyVRSvPaJzRPOl,rAPNEyklDSPJZYW,20001010
501015,4,bqoPbxtCthjlFkV,DizLmJiyWnbQrtL,20001011
501015,3,TsKMckbGnbCfrBU,BDNSQaUCsRHYrDV,20001012
501014,4,mnuXKrNCZaWEGhK,TotKIfpgYtOekSC,20001013
501016,2,aiVJMvLZBnBgPUg,cpyXlxEbSWzRpfM,20001014
501016,3,iShdXyibBgwpUkG,vZBHXAwreSMyLMj,20001015
501018,3,TtjqtZsVKfpDsGU,wkCnyvhnxpxiYlA,20001016
501021,4,ZHeLvFDpFrgYEVg,kgGfJDDAjoBeYnM,20001017
501022,1,VfVSGCurdgFsWge,DZbfktsQriTOZUB,20001018
501022,2,dVstwmyrAOoAmCo,EyxMtioDhYTegtb,20001019
501023,1,GmUkrjUhNYdYTaw,NLgQnRKRsFNzHNl,20001020
501024,2,usBwOgYmFqaWnJO,GSrtwWmxyMwMWfi,20001021
501025,3,EZPRklYWvhHrVnk,sgTxgKPWzEqTCZZ,20001022
501026,2,pIciXqtfKguJqyf,aqUPcmpBijpwncB,20001023
501026,2,cHKDnVYqFNBzDCS,zAiIbPdmBiOpQId,20001024
501028,2,LOSICoetRceFpdM,lHnfxXrgbZrdZhP,20001025
501027,1,tnxcTVhZNgVRwvh,vYflnudkbLKeQqB,20001026
501029,2,jYowdlmQfGFXuRu,ZJpvGIuqklgMspW,20001027
501031,2,PWbWXcspQbMClCu,lfrwZXYbvCDllPK,20001028
501031,1,sYeCYJGgelhTCzx,OUKiMSVaVqqbHkH,20001029
501033,4,ithVNKRZiNVJymG,BFDxcBkUgaJduea,20001030
501033,3,ojtetggluxoMkJd,smlHNaeRIjzEflA,20001031
501036,3,hZEBEjNXiIUbqjr,PsmkiFjHDFrLqpC,20001032
501035,2,vXoIvOifkEfQIMb,prmGhfWOdFtyZpP,20001033
501035,2,TuPhVbpnNMIWBXP,cKkiVnRnEcbCFIo,20001034
501039,4,KBlZmsSZRqCETPx,sDqdesGPkHcTIae,20001035
501038,3,JtWSdAKqsSiRKSy,sSgbvPWXZvuEIyx,20001036
501039,2,QKFlSUVyeXGrBMF,wAzTtQGYTfCMDTR,20001037
501039,4,vsXmDXmkiSEKLKv,ZnOnMPTcaAFlbjh,20001038
501040,1,WasgyNUrAPnwkFM,EqmFuJEiZgbbBtq,20001039
501043,1,nlDWNtOVeZDOhUs,yowjcXILVbCECgq,20001040
501044,4,wlpFOKrVWNXEfjS,oqeVIzbplBHsmCw,20001041
501044,2,XYvQgXjraFkNHZs,OVHdzbwtadOpEcD,20001042
501047,1,bcoYQcouhSJFoNt,BqwesiUtbWKRrpH,20001043
501046,1,OaWFUMdULHsUxDK,IPmygCIOGUpqmls,20001044
501049,1,QcJNCxIotXiOeVU,jukTVvOIdvryAuj,20001045
501049,4,GfBXkKKqCONeDVc,OXIRQfcbWAMljTA,20001046
501051,1,furwojaqCPZaIVK,QeDZxmgBcBdfCZa,20001047
501052,1,GELFDqQnmVBbMcr,bBdibiybVUwqUOj,20001048
501052,3,eBjSkTCzXrrhEjB,cMjBmJJiULfSzOq,20001049
501053,1,uruKcPHXErqoCTR,QiwnzMuRniuVaOd,20001050
501054,1,IcAqaBnTfNzljOS,mzdkXNZkLIMbLqD,20001051
501056,2,ULPyrzxiwjNbmrf,aFteXKqTTVgPagI,20001052
501055,1,ANORaGEAdseCPoA,jDrDYwvcnKKzEzp,20001053
501056,2,ceDRjkAjTeNpdKQ,AWFwsKVAwLTKDwk,20001054
501057,2,LWTGLVoTSRSqeOg,PVSmqLpklYrUiJt,20001055
501060,2,ooanjgClBpdxglk,XiuouFabJtiUqLq,20001056
501061,4,eggzCOxpHUqNXYz,NwcdUyKhfYfKneg,20001057
501059,3,VStQbrTOZglWzal,BnHdHKPhCRARRVV,20001058
501062,1,pvxXsMSTokXuGtG,FXZbMixCEuhbzwE,20001059
501061,1,wfwWZGiMjsTQimw,rYJvcOITrhyajXI,20001060
501063,1,mJIUZPmHghFeHoh,dKboUGYUViobDhp,20001061
501063,4,SMBUlIesGdIHQEe,VdUgUBDjYcNnAKD,20001062
501066,1,IobZrKMcDELXCuV,JvjSZZrszNWLoDA,20001063
501066,2,dfNznXAVOtSEyPb,PCeYrnWZNHaylRF,20001064
501068,2,dMrDtRMcrubUEUt,YQMKdkhziUqBBlH,20001065
501068,1,apwZAUPIJSKKUwB,qdIyAteGCqPPquw,20001066
501068,2,hhuNuuKAWCTVfQc,oBxKQNFIFIcZalm,20001067
501070,3,oKCIoDsnrxyuNDY,tuPyjyCWKyjllPj,20001068
501073,1,KorchzYHIJfJNDN,MvtCOdYTqGhboBa,20001069
501073,1,OmifZCkuwQMEOZd,qxwivYKwWZnCGmy,20001070
501074,3,IncUHojhUPNCWLQ,ZfWzgXoGGEKAmCT,20001071
501076,1,XUDDlTQgbmJkPrg,VHMagytBXtpQHPp,20001072
501074,3,rOHtfikCMCjXlGv,YwbXrfHPJifoUSW,20001073
501077,1,WUAGonTMbaBsUXs,LXzHVqseeHDaOyH,20001074
501078,1,hgxHtjMlizlZqRW,wExmxxsyCmGkCob,20001075
501080,4,GbuGinKYhPEasUs,iMeBcBDqKagUbeE,20001076
501078,2,sRgSgLxixNMBaeY,DjKZCXDPIYhiLju,20001077
501081,2,IASTjzrXPhIyivl,bsdwurBXiwhRCmd,20001078
501082,3,WiNJHmzARwfFKiv,nFBvvQcSczjFIfA,20001079
501081,2,lqkyYMJyifyXmMW,EslNJeiaiGkSoGy,20001080
501083,1,NZIbfovMzXKAARc,DCNhegsGZCFTRvG,20001081
501083,2,AnLVDzpSwMCsbYw,rFTtmZKXicKzpzW,20001082
501087,1,CbkwEmmMtqpKnKP,FoxsnzZlyMvNfTU,20001083
501085,2,eKWzhbWvuSVLYXe,DOzQNCfaXiNokww,20001084
501088,3,VBTJtKLgDVkkxAW,EXAPoJzKNxsCvrh,20001085
501090,4,grTwmsPPRLwhFfq,TZlFfExBSePZGfL,20001086
501091,1,wzDrQecWQuqTwGZ,nndDMbRxhYHnVhS,20001087
501089,4,fcKlnFuIVKTSNFe,YnjBTBYieHFmsrt,20001088
501091,2,SrjocvJWxcuDOaz,iQDOogLLvUnAUsN,20001089
501091,2,UbsOqmzZznDnltn,ajUtwLCmYjFOQQi,20001090
501094,1,QWeNkOxvHfeQtLY,OaAdKjLaLFEVdvB,20001091
501094,3,apgvPbRriLCkAGv,oXNjsPVOacNupLV,20001092
501096,3,hjcdCQNndGZAJNd,UBHJabUOlcCXrbx,20001093
501096,1,ZekBTlTfByySblu,SjhXyRmjqzJpNPd,20001094
501097,1,xLJJMHgndUBSZiO,rahdtBFJhccZLIt,20001095
501100,1,sScRtDXeDFdpTMQ,LDrQWRzKSTltpcF,20001096
501100,2,HtwkrBySWviCveg,wVpBzsVqXDYjrsU,20001097
501100,1,EeOrQuyVRrVjkRg,zThGRlKmtMjbAhs,20001098
501100,3,dIQaWiEyWcCYsSk,rasFMqBDdfrRVFQ,20001099
501102,3,BjvtJahRrDOvGrO,LXbMbvaGbHOYIFS,20001100
501102,2,cnrcBfVAbjqnRsF,XiZrIDPtOjpaQgw,20001101
501106,3,HDPiQyrZbAXAqCT,QyVGAVVREEMCSYn,20001102
501105,3,rlyfaugvzsaMoRl,jNsOJbnDzKyAIqf,20001103
501105,2,EVexjKFzkfucCzz,EzpyVrmdJDnTkUd,20001104
501107,2,QSJkNXOQhzaKpJB,KaDygMxtVzHfyZN,20001105
501110,1,BkzVVBMtyxDmCXB,yjEraQCcBpVIuEe,20001106
501108,4,HSCwOlEOMLzbaoc,QyDjiBMDEAScuje,20001107
501111,1,WLPXBEeGxJqawHI,BtFMhumsnKgBZnV,20001108
501111,3,evecggnCmtcPvDP,xeEoEHFKuLarCBN,20001109
501113,3,aRflWKPSVZpfwVX,cdhoLcGdmOtNWpG,20001110
501112,1,rIDOzMGAwNHoLOc,xGPlelsMzskuvVe,20001111
501116,3,riVXgwwKGESwAEO,QVzrDXiFKmbojwy,20001112
501115,2,AuJHdmkeMqzHLDV,PCAOcuwjGrrvDLm,20001113
501117,1,varDyYbqBOsKnck,vLZFLAQqhXAKJzf,20001114
501118,2,UoVMlIWNlceIkCL,CLhUNRIyZuOcebR,20001115
501120,3,qUnhBiiPWMslxKY,qIVFtFRXXhMeylP,20001116
501118,3,vhlXpHYUCSHzhew,SVEATLrMRzffvDx,20001117
501122,1,nTAhNVQYNyZClvL,yuvAOGwSTbfqplF,20001118
501120,3,CWJPPUNEOyxGIdk,loCYghlpqIOBXUU,20001119
501122,3,KBljpJNUvMmlkcK,chANasTjJucqfjH,20001120
501124,1,lRvIVFcjkoDUaYN,ZgowzbOdcFtgaBa,20001121
501125,2,LsfVdgsCYNshWpS,fuWIMkVVfNRZgOj,20001122
501126,2,vVebxHCJUwSFHPj,VTznPWAUFXYuUYw,20001123
501126,1,TjDQtSSUmDqiwSp,lIrIEDyPhSxmIvM,20001124
501126,3,FarIPQHJIIpseof,slnkaDHgpzLfNOq,20001125
501129,3,tTqZRgVtWloxYSt,DNhfbHiSjyiWvqb,20001126
501129,1,MJalbERXdwecLis,CWGJxRfFSAOpGQp,20001127
501131,2,JlzIYgRMXCqlXFC,BmpbGfsTrrmuOGO,20001128
501133,3,jLDicYzKoRcghGr,DBSCfOtGaNxDosw,20001129
501131,2,DUDnOzFFlgoQwLO,CanMOviPWjFMsJm,20001130
501134,2,trisRFEhaMDucpo,GbRQGqNVinbnScB,20001131
501133,2,sVZAGxIcitbFsDX,PnyuqGyGWXKlEZA,20001132
501134,2,cFewffJuNceTNen,sDaLEIJlkSqjRka,20001133
501137,2,ulolBHqZFGpTaeE,xGRpPgneULaZMAV,20001134
501138,2,QReyyqiFNBEgqQK,tMaDgySKkDOuoLu,20001135
501137,2,kfuGLnbORHqBYgX,jNrdUgPFYMAaWED,20001136
501140,2,ArsFtlNIVTrRrKc,NFYSFoVYpoTSaRr,20001137
501139,1,oZjtunVeIwXtdDP,iDpwQysaapEiQph,20001138
501142,2,qfnxspMnRsyFVWO,LLVgQTWSUkdHSNu,20001139
501141,3,JwDMzKtAaPVbagI,tiHiKpbYgTMRosu,20001140
501144,3,iEHBhotVFUbslgU,DqubAAxoMjztftp,20001141
501145,3,cjgZiSLmVpFpyDp,IDCnxJtzDyLVobQ,20001142
501146,4,hOnKcUIiibEAyqy,KkumucduXFKFMnk,20001143
501147,4,KeJXeosBOohmvnd,qdnDKfgDziGvQHb,20001144
501148,3,ktNywRNZMYMzZHc,mMtQHvFmGoLENQj,20001145
501148,4,rXzyJHTtSQtKUZd,uDXvuyAZlvakdtW,20001146
501149,3,xtjeDtsmIihrlJD,jQrpysHGaHQaQnH,20001147
501149,2,uMLBRtAnAPKfKes,XZQwASLUZTHhINk,20001148
501151,2,tjsnPGgOcyabtSz,qXJYfNIaivHmDfV,20001149
501151,1,JdvsLeQGPWjlWaS,gxwuZusTLzxjycN,20001150
501152,3,hoNeCIApwPdaAKP,iaRHXMQlVajfink,20001151
501155,4,sMImuMOVtrFXQYj,qutxOpPKuhmSLMd,20001152
501156,4,RggFBeuDwcUeuMz,GoHFHplXknvCyQv,20001153
501158,4,HjuMXEVafJNGkJz,kPFITLgUBYPrBgp,20001154
501157,1,biMmmAAvpRhMYWD,KqcwfFSBzSTRBac,20001155
501160,4,apMVnnAsrsqsJIK,MxJlcPqEJoSbMVE,20001156
501161,3,zarZyLJqtLeEOxU,DrkWMyQFDtwzQAh,20001157
501161,1,ruBxQndwzQIEUSR,YPKKuLGkJyygXRM,20001158
501160,4,kYgZNleyLzqabsw,yanQjANxSMvWMwQ,20001159
501162,3,FhbuKAxbpbhUGGp,AmeJMAyTejuWUKE,20001160
501164,2,MWvmmmApvpaArEk,NDoVgOvoggwqlfC,20001161
501166,1,BUsjQmXERcjAcNY,hRCbnJGeUiShzwq,20001162
501164,1,YtfQFYvqaDSqKKo,EfqvZYEBnNsFOza,20001163
501167,2,fhElYGJvLmlMbgb,peZpUgCXhwJwuLM,20001164
501166,1,mlDjsVjmMAlPUfK,QMNdHtIGIcatIKC,20001165
501170,1,XNvHqNNiJAPXLUf,hwNZisglznIHGpT,20001166
501170,4,oRLuiQsbWqnfGWW,nxaHqOROANlLcBC,20001167
501172,3,zpcffFBVoqDhDsu,BBOUufBffADQutB,20001168
501171,3,mSbJwrvnKfdYivW,hSbmpcMzOaJttwb,20001169
501173,4,iNxOPvXJfKelhYt,rAIUXksssbxrHva,20001170
501173,1,ksozuREqQKsNioq,DTPuAQfcRtrfqya,20001171
501173,1,HIscvjhPMoaNgUc,EgYFfzhoVvfgwVu,20001172
501174,2,xJVeHnkxYnIDmRK,GQXnYivjbyWNucC,20001173
501177,3,xyaDkZmdAsMqieV,JjXHZJrZvWxnUat,20001174
501178,4,CZuzpayWOTJoThK,pdVKaExayowPwiH,20001175
501177,3,gZRQQVOTeIasIMW,etFXhUoqctsTVRF,20001176
501181,4,dFjYELrgPCbGVvf,ZtdWJmiWAAarvmv,20001177
501179,4,nJEAZfSJoezGVoG,fyjzFmlpwvUmCry,20001178
501183,3,TcHoGnWhRWlTPFl,rZOgvrsnFISIANY,20001179
501182,1,rgEeYMIvXmjKPbA,kXEswKdNJctuwDM,20001180
501182,4,JifztNHfQMbsFkx,bCwtfcnUsPvGrRa,20001181
501184,3,pSHYNgxKILEIbfI,TanBuLmSmjwvSTV,20001182
501186,1,AJNhuwkGuyFTxWv,tSyaabFWfZGHYVc,20001183
501187,4,JuUPRqTiasTsFKx,hRKVcztnuPHdRIA,20001184
501188,4,ZwRDYaDxNfAfIWC,qYvzaGuQAsxotBV,20001185
501188,1,GEJMwHZWGydZOSH,egPZfCScoxuvgFd,20001186
501189,1,COPFqqdWyhSsZjR,SPYttoiYWtnKrSn,20001187
501192,3,IQRFVsAhQBDKGDe,lGeozvfUjbBLkIH,20001188
501191,2,youOHOZiARQEnav,VcDiUvGrfSQhhJe,20001189
501191,3,kQylBwYftUVroCd,qfhXAsEJpucwMVd,20001190
501193,2,EmgPjKARCBgWjIn,AfrVyVwkGexCuuW,20001191
501196,1,ziJuSJujcSepsNT,SVRObmfnzzJnUWv,20001192
501194,2,UvMhKFjrqkmtbqw,dgtSpxZkUrCeUOE,20001193
501197,3,BUURWydnzUyMNQU,kMVdNfSUwxGUwuO,20001194
501199,1,ITSQBybAzgniVQJ,aXuUfTsHIROpapC,20001195
501199,1,RcmPvYKkGndNMeP,PYviULiQKReedXs,20001196
501198,4,sxdgmSIswjAOWRl,pJgvJFvweyoRZqP,20001197
501201,1,nMPzWMSVLVQtkMJ,SbZAVQzOhpJGSqn,20001198
501201,3,ZtUGSHQUczJGOJe,RtxhfzfnpOGdhHE,20001199
501202,1,JynuJVXAzdrNDrp,rGHlMKrDvtxfkle,20001200
501203,1,MWntCRDZjRIjdqd,PtetuKoREFoQCIK,20001201
501205,4,raTWPZdByDGPDPQ,FqIYiucYYKPUDqs,20001202
501204,2,meWxbTVYsZZtGVL,bDEpHVWoQQfBqnA,20001203
501208,2,dAkTGqfmTobdsMm,gtIxrFyzgcYSNSF,20001204
501206,4,HjhxNddBMkWMdcJ,XtaycwWHkuKlzHg,20001205
501207,4,evXlrVrcMKSGSvE,BVNdtNTInyorXzB,20001206
501210,4,ljNQpjKjVLWtMeN,uXXZruPVtuSlmpC,20001207
501212,1,LsPWNlZRNVBJVrq,ctJtgldhcZPmDVc,20001208
501213,3,ykRSwShMKDzfOsZ,uaVZWxhAShSbPfj,20001209
501211,2,dNmexYfVCusYoUd,KDjNHSIFJImxXSX,20001210
501215,3,eSfWoSJMTRXtoID,AoSqipftespTdMz,20001211
501213,4,qYBfGUGRypeuFWR,DWIxIgWwsGRebTz,20001212
501215,4,AekneppMYMAXnla,ZvDWJvmLvZAVyzS,20001213
501215,3,eojjTmYeAIVoXWL,NhYCopkrtMWVbTZ,20001214
501217,3,acKInxBZRZEHOep,GrGuhTxmjgCJdtq,20001215
501218,4,KFNMoLWqhYAjSiy,VwFHpRhutUjOPNw,20001216
501221,1,DTseqSNaaANCRXn,FNZHoxPeXUYRVMr,20001217
501219,4,GrLmEYvJnFGJjqo,loSiurtoOzWzqbB,20001218
501223,2,lnpdOmnuAdhzJcO,gTtTMWAxQyRtDuV,20001219
501221,1,bcEXnQvTUYZgVXz,qYelXMtHEHraVFA,20001220
501222,3,EAgFdoLxFJdYvaD,qhbEfnIQsdyilQK,20001221
501226,3,YrOfihfYmdiCgaI,yGbdgvSyljspark,20001222
501227,1,ZACoYRmXBkBlPiA,sHRJHynReJQBFSv,20001223
501227,2,KgCLsnbOyIgRTlg,VTDxnkcciwYIfdI,20001224
501226,2,JWYYpucONehluYm,jgElHbKGdhpzBHC,20001225
501227,2,LZXnUkfuouPzYYr,TTbVJVDTpUrmnaH,20001226
501229,2,JDjjdasnQizIUrs,YiSJgMEVAcYvNTN,20001227
501231,2,QACZsXcYgBCNgQM,fSNLcAUJWZSFgdn,20001228
501231,4,BFjIMKcNcdAVwCl,fkpDTOWayIrkqra,20001229
501234,4,QtbrPdfbbMUpupl,VilyVWmGEiCavIC,20001230
501234,2,VEumUAUICnDebaC,vvrLaVwXXSHaoEH,20001231
501235,3,HHvyGfPQhrDiOoR,bijcGpVzDGkHIkV,20001232
501234,3,smMjiZgNVRIcISU,ihyXsKhcDmpGhJl,20001233
501236,3,MYaYqqmLFHTvByJ,pXThbIfaAcjXcOd,20001234
501238,3,eeNzewtbadXUpoq,MjjnpyjfmZUYOmd,20001235
501238,3,gkVJUXjlyvoDoMY,EzjenzimBvnsFgN,20001236
501239,2,tIBPgtTDwnufSWK,UPNhBTeZEoyLbca,20001237
501240,3,XgXBhkqoRNZjxkS,EqdRfMxcaGsvKDF,20001238
501242,4,vgjuxGfTOgOkLPb,kjmzhdhKsosELPY,20001239
501241,1,SBHVUBzibMMoBhi,XmRMLPuwPFthDtS,20001240
501245,1,mKNQDeSQmBFnSQC,hzsbrPRozNXYqvZ,20001241
501245,2,wFyfSnSPuxJkNxq,OOcEjjmCowjJNzd,20001242
501246,1,qEfFJdpIQYkbJEj,HIhECoXkkJqRqnb,20001243
501245,2,VccQpbpOyqdOkZv,yRAfEZuZrNydlqN,20001244
501248,3,fxIBkAPqAFWQIPF,piuzBOUtEURsMqm,20001245
501249,2,LRymTbriOeDnhuX,rkmwOzAUwUlGrtc,20001246
501250,3,tEVqEwzEHfrPZOu,nHOsBVKZcOddxCL,20001247
501250,1,RSusCXcGvQAUljZ,rfYiAwKikKdVcBc,20001248
501251,4,pjWKotBSRFuZxAJ,fnGywPqHdzMrnBZ,20001249
501253,3,kibMeEMhywHSKuh,RtbLYkxXKDMhHvo,20001250
501252,3,PyMywQUeiKtXFhm,BxeLbPUnFXwDtKj,20001251
501253,2,FWYfzHNJctNHCdM,hxSgmFPLzINMxRR,20001252
501255,3,PjDAobolXJLZUjj,wrNsHklkZUAuVzb,20001253
501257,1,vSWdCrgpIMWOAEf,ZoviNLTsepQaXEP,20001254
501256,2,BnCvqMRPdOJBDaL,PqFYqwOCSbQoivU,20001255
501260,2,gndKkEzJeUEQpoV,ewkHLkjfkamIWST,20001256
501259,1,IflztsSKbQJAHso,UBmGJEMKsYoaryc,20001257
501259,4,iYboHuBadOmZEUR,CUqWYkNweOnrsvv,20001258
501263,2,hWNFoCnSSfxGVsd,sKeKBxqeKLwagZX,20001259
501263,1,SymXXqOHwKSbVVv,POhpePPbZaYLTSK,20001260
501264,3,ChGEgDYdKjACWsy,VgTfaEMZrjlshIV,20001261
501265,2,nOTKNhHUDCxKOms,huscjpFFcCxEnEI,20001262
501264,1,nTrkEQHDxwuvPlP,vAvDryXiBgFEbsO,20001263
501265,4,DeRDadsGuJqaTcS,FYIblQCXqKLtTgs,20001264
501269,2,ToEYSWZOfZqDnkS,MoBlmLqTQgwpHER,20001265
501268,3,fLqdbmbhuxGPbFW,NVnVmqMarRNpsVY,20001266
501270,1,JdVbdsCGsSnmBEl,WgdiYnqbTkUnuWw,20001267
501271,2,qUrpSqMcsNBUOZP,NCGaQfJguQlAtpG,20001268
501273,2,cPdUBvMtFdzPhKK,NpepwMjEDLMNxxU,20001269
501271,3,cuTQGOUdxrfnqwD,nfXaRucFWYljZOK,20001270
501274,3,vUgSXleuxzGlTCp,wYXBtxrkXDvPnIA,20001271
501273,3,KsZVnnSEKNAGDzH,jCHajKAvvTbTIqO,20001272
501277,1,hvGYbjuALHMLZeV,oZcFtmZvDFxeVPg,20001273
501278,3,dJgyeCStaTqfFMV,XaOkHlsTIszohkt,20001274
501279,1,ntemOKAbcnxkyTH,ghypGsRWirBGgkF,20001275
501278,3,QXaoqsfrqXGJCMF,npagqsRINDrapDm,20001276
501279,1,cWUvUlMNqqbWciY,fXMwGMMnSLJbkzR,20001277
501279,4,qVaKQQEZjVBSIzg,DCijVsJNZxHHwbs,20001278
501281,2,lefguihjzbXhYOG,JOpwtXsTArcvxKQ,20001279
501283,4,YFtprJrODMXFtQO,BLlwUwuBsubggvG,20001280
501285,4,JFkvDzbmaTaJMGq,ibNAcVlFswlpshL,20001281
501284,4,VhGLyYUAFEbkNIL,dlflGqsZFDJhZIo,20001282
501287,1,nXRZGsbyxWzHHQs,zRtaDwJButpIqaa,20001283
501287,2,dKvdGRqPmlFOmPK,YLuSbtTcQRLGnrX,20001284
501288,4,nEbUdBaASaloIOL,mKhaMswffegDuKA,20001285
501287,1,srNQXILEQbypORn,PIWIIgHRjhCxjVg,20001286
501291,4,KBfGpJlzCxqzwVl,OtNvFxJwGvnjqfz,20001287
501289,4,CBYMuCBKuGprSPd,ZKnNjXWixUdvrjD,20001288
501293,3,aNvCynVLUIpfAQL,LnjRCYuoGFdjZGg,20001289
501293,1,IcQermLvgFCqkSA,ElqeMCtZFKSLuLN,20001290
501295,1,pQmLeQYDgcNMfZg,XnyyMRkKmsAKAbQ,20001291
501295,2,ObjnrMSVRDcBoyv,YwVmdhShwKeGIaC,20001292
501295,3,uiJmDTDmPmSHzuy,pzxjiuQNnLaRAth,20001293
501298,4,gdoFBymQNLHrvJP,rnAtZoqiUQCrBeJ,20001294
501299,2,vocTLJaPQmSuvte,cLfidvhtqXewVCv,20001295
501300,3,XEDZfocGVdXGOTG,hGfQipVXZbVMJtu,20001296
501298,4,OkFOkoZQiYCFTEY,iTxlilBvQtcxfgd,20001297
501300,4,NCbVljPdrwijYdK,sjmbBawwgkOerId,20001298
501302,2,YSPNWTqaWIwSktn,ToycGGEkNAkiqPe,20001299
501303,1,LqZbErLAbsiRoye,fPWByvrZOgcdxMi,20001300
501302,3,MeeDUrOkPXVIAcs,OOFrqeQGhkiRkiv,20001301
501303,4,ZeNSClFlVBOqFlV,GTCnEUMsTvyucZh,20001302
501307,2,LRcwFCgUJYVkgGc,ZAlTDPEVvTrllii,20001303
501307,2,yqcfYsOCUJzgcPW,cabsqAoMeSZeuTj,20001304
501306,2,LWoZWJbjczNqlyx,FHneAOAauiazGZH,20001305
501308,3,EWLZWbQaHvdlNkx,ivnRZhtcfTEdPXa,20001306
501310,2,dwLWdOzHtoYSIec,fJpKzwUvMWpKqpL,20001307
501311,3,nefLQAubduPFBqg,ZiDffmVAzYSeWvI,20001308
501313,2,HneHSHUwMPnKCLT,sdxJdFOSIFfrjBJ,20001309
501312,2,DNoqEdBYIcWIxxv,qhHhFRbLXMZrlPe,20001310
501312,2,yxmxqddyxCKPasN,mUXGbWneBnZWPJF,20001311
501316,1,gvHzSxWYQaKHrFH,kgfJdwjeVGZbSXx,20001312
501317,4,nclJbQgFDKyxXhP,GCwZSOUbmyhyDfD,20001313
501317,1,IGooxpmrRsrclTg,nmjDrftzjFAJijM,20001314
501318,1,yYIgpCmQOymAFNo,oSLBUVhUQglkrOE,20001315
501318,2,FSYGHqUTyjLunLG,hzPeSWuvjNOJNSK,20001316
501319,2,qjgozyNtKVehBDW,VZtYyoYajXqOwZu,20001317
501321,4,nNAQwCktOrgXCqm,AVWlaKMhFKrvywJ,20001318
501320,4,SmuxfLMkzPocGSY,wmfYgwTDrCKpVkD,20001319
501322,4,zqOMCaSNasanxJd,IqJebKhaRoaodpb,20001320
501325,1,XNSxbymmHQEbpCS,ShdvMtXRNxLUxPN,20001321
501326,1,yFPMufeYRUhWWoc,LWRkabQfEHBGWFJ,20001322
501327,3,uWkgbkKqwtFILpg,HTmTwcSUnomSOQN,20001323
501328,2,cxeflwKoUImUrwK,pebBWNkPQSAVIqx,20001324
501328,4,MHvaLcvNyFlBNzS,VoFDBEcBmRGkCVs,20001325
501330,4,CNuFONsXfqakMxa,iUxwZedejYHQOqM,20001326
501328,2,MgPIKhHbIaAmkhz,JFEAhEdCCOdpIlr,20001327
501331,1,mMuZUWZOJsjtTug,WbGPTijlWlndOaR,20001328
501333,1,yVHPXieOvXSTbno,neAkluFIyQuogpJ,20001329
501333,3,ANENWQElpPdbHhT,pDBrmUQfuExdFmz,20001330
501335,1,sOkbKzUPFCxiXuo,ZObHCjsScvGBdnA,20001331
501333,1,MTboNRYiziAOLKz,ZmoFUGXLfFTcFde,20001332
501336,1,pSpYNSYLzPXoeZo,xApAzeIWtWzNYvr,20001333
501337,2,gYXYntjKzSIYmHZ,vIVsSEYOHkcGSVb,20001334
501336,4,uOGXlsgCeMKRVMF,AgvGxipYtpKxQeU,20001335
501339,3,leOLJPnrdfgIEUS,wdefMGjmUXqCRHv,20001336
501339,1,eOjDJwgtjXNruUP,WEIsagwoiNiMRfM,20001337
501340,3,zfHhthAmcQTZxqM,gCPlCnXtEoMSVop,20001338
501340,1,LcCzbEuMUEvwNSH,nlDSlAhGNOPzuKU,20001339
501343,3,wwsaLNYiQzcANED,sntSkMfVRkAaQNW,20001340
501342,2,sdsgEStapgkDMFa,MrPCezHHRbknCUk,20001341
501345,3,gTDDIzTkuaJRDXP,ClldaZZMssQsRdz,20001342
501345,4,VxZYvGnCucGBuuP,DnRcYwjajIbnacR,20001343
501348,1,lRLtiKepMgapFVJ,yyGzmdaIAQdDcEQ,20001344
501348,1,FCooNhoBuglftTh,JmEjVaQqcrIyUFf,20001345
501349,4,SlsIYGNorqSqZvj,siFFqXsqnOuySig,20001346
501350,1,NanpZLAuLNSLTWu,yEObhFOBQJMntLH,20001347
501350,3,fBnqwvzAOuiFHNb,xnjnqeEqWxZbtwi,20001348
501350,4,eKsbQhvsvlsmbNd,rukIezoNQVlLkvr,20001349
501351,3,VYrJXRIYGKgFSWe,aijjxSIXiHZGUxt,20001350
501352,3,XFxsCEiFxjhHqgX,ATYaDPFUncjSyzU,20001351
501353,2,CseJrMUubOlJhAH,NnUeGRHvIpAtcGB,20001352
501357,4,kLGyUqQeLwAPCPG,tKNTLePYZWdKvYg,20001353
501355,4,CEUSdQOGGnebDdC,uYCicGBmVTAJazY,20001354
501359,1,PoWxCNQJhisIXhE,UxdjZyxDPlKdQAE,20001355
501359,1,LvktyrAcIgCgSWu,QkFnboMmcapvYQv,20001356
501360,4,tQHhddWuHwpxXPW,wPhwbQcpiJoWvWA,20001357
501359,4,LDhEsDFxWaAJWrm,yxhoqFjsWZdBDyM,20001358
501362,1,sSgdDPUojtkEqci,wyuzjmGmWPJqzxT,20001359
501363,1,XQUEcpQUebxXMUG,VbaXcukuLxyiXTC,20001360
501365,1,zrwsmtZpgTMzzEe,fRglwLBazVnXiqt,20001361
501366,1,UFwOLPJMQbXvPiu,lMYvPBzurZrbvTH,20001362
501367,3,oeMjlikpmzKcOXV,pFHavJDeGJHBcDc,20001363
501367,2,tBnebpyqdmatRvb,TSlvxUSxhuyzWXT,20001364
501369,3,zHjvJmdjXTjWmuD,XSDaJGQtYCjEKxh,20001365
501369,1,VKKwywxxkBTeeuK,PWUmdBixoDLzgEq,20001366
501368,3,huMDkptBsJeSWbt,YHzQgRIAPXdevkj,20001367
501371,4,pGARXlXzLdPlaJg,heAOynOFVGiOhXW,20001368
501371,2,RzKmnqMXpwPPnza,LKVRfwuOyRWXQjj,20001369
501373,4,NcUTvgCfNsSgmuD,YkUytSuceXznGTt,20001370
501372,4,XtWySMdXGgrDtdT,PNiyyQaSVSHidMS,20001371
501373,4,NlJxCUFDZLIeova,mOBYxeEiNIzbsVS,20001372
501376,2,HATPfMGJobzDjGX,BInFcMdwheYGxrg,20001373
501375,4,LGKHLbVRJDTSpRY,JHOrjjMeGHHbxmc,20001374
501378,1,PTlLaJFjYhJSmak,nVBjrynuoMDChhm,20001375
501379,4,gSuLlWNpjGBoICy,DiSjHAvlzKsthpq,20001376
501381,1,XgMmIJKdNNMXkum,vXySKiWfQPidaiH,20001377
501380,2,syyrhpUIbiqqSFk,GafuBsoySOlAJxe,20001378
501383,3,YtMBlpoqGTiCVMz,HPKqfrRkrpppEdz,20001379
501382,3,WWlElJTUUazLahi,aAyqLSuugnUHXYl,20001380
501383,1,XoovGwJwWnPKlgd,rWoPjMCfldYWxLT,20001381
501383,1,AFRFHxukVHpUTNd,OYVlZhZPTcXuXYQ,20001382
501387,4,dCIBGgvvNBtbVRA,NboPAfCsmuhVCwI,20001383
501385,2,mquOMEIcvSDhfMY,YjiCFJhtfgNchFy,20001384
501389,1,lehWqHstndMcUNp,vKLalBboLICDoWn,20001385
501387,3,eHeaQgWLlMeebyK,OYNrAhNbyoxtrPr,20001386
501388,1,agdTYivhClAJBNf,bEatKuyMVkoPINS,20001387
501390,4,aJKyInSGjCPzUeU,QfwyPRKeEsfZaNZ,20001388
501392,3,WgZEMpkgiKoHfbG,yQhXGtAFdglKgIa,20001389
501394,4,DUsXWrlfbVesdzJ,YeBDYQdHoyebLBu,20001390
501392,2,InpjwiKGogTHtaq,pioIkMXFHpQynOU,20001391
501394,4,NDGhOjArFwSnbEy,ZmPMpZTlDULvvHL,20001392
501396,2,wvADcpJjlWwggdt,zIEsdPvGgPeRXTO,20001393
501396,2,ttjvoGkwWKhPdbm,XtJNJODTuTgKTxa,20001394
501398,3,vLhMVUlgcWTBoJG,rQjhRygEOUxJplm,20001395
501399,2,mVJBiZNfKOrVDan,piOuPfsswvgfnTg,20001396
501400,4,NPqQKHsNLYpBsed,sgsrdoRlsmdtJiW,20001397
501401,1,UmOPUKsIifUzcsc,CQwBLHBYfjPmXWA,20001398
501400,1,hFwzrPWKyUPpDKj,jYCodWkHsunGihu,20001399
501404,2,hacsRFNWYVSxXkh,RIpPpRwGozysxcu,20001400
501405,3,XKDoLsKfhdYBQMe,KuqhuJOeKQdGEQy,20001401
501406,4,mrzozViNQBzVDaf,tlEDqPiIqFNejeI,20001402
501406,2,xsQrvIRhYEwhMFX,KtoZKePmNcrLjrW,20001403
501406,2,YtJTVoVDdkwasJa,TGPrtMqIzQktPXO,20001404
501409,1,GNssBUkpHdkyeRT,mQNlzMSuxhQZFHo,20001405
501407,1,CgwWzfQkVxvhmIm,GrjlnvMKQCklLxj,20001406
501410,4,bKiQwkvUnRaHZHC,GaIrOsVJEjweaHE,20001407
501412,1,xzZbHpLdbHCnKDt,BPobPnkztTYbDeI,20001408
501413,1,NmEClKHluaDWvxx,sWQJLQOMLMXccLQ,20001409
501414,4,IOrFXPjHjiXpQXy,OzCZLzoGhOKMivb,20001410
501413,3,FswCyLFEyLJAimW,PFeiMmwxJNThXXk,20001411
501416,2,EbIuoRGXgnJcSGg,oXcxYnwQMVppVqp,20001412
501417,1,oFpIPWihWpBqWva,gZDebcjNlowIXqH,20001413
501417,1,LJLNkgVCzhZsVzm,hKwwtgShrWHKHLO,20001414
501419,3,xBVUGdEOorpdQNT,YbsqBNxrMFEADxg,20001415
501420,2,qNGdCpOCPEHZMme,FTdKhcrdhkpPtnA,20001416
501421,3,BLMBpfDJMMyimCC,DQFCibqrMLgxiQk,20001417
501422,2,OtQcnywndnCbeNy,qixJXXeJDOueyRn,20001418
501422,4,kduRsFveQkeZTQB,FmFypYsqLEfdMgB,20001419
501422,1,ZwvgHKNGdLipPVh,EztktoLOcjzrrUP,20001420
501422,2,NksicPucXAhaEUn,QOMICclRFxBHcqO,20001421
501424,4,MRCakxGLBIexXIu,GOrTLyFsSPjrJTr,20001422
501426,3,eZYDfrrjBWxPSzx,ZRnbEdedwfuiWPW,20001423
501427,4,yuvRhzdqzrLNLgm,hJRAVJkzZIqMANo,20001424
501429,4,hnrxIdbbXoSZmGo,lsQDdPWxtuZDaUT,20001425
501428,4,rmRMImYHjTiuMVS,QRIacgUuVznneeq,20001426
501428,3,ofBezYngMlHhwWF,yokfuEBbGWzznxQ,20001427
501429,3,OhtBLTvTOpiMBVe,HxtOepDmwsvMxIN,20001428
501431,1,KxsclqVsQCPrLcj,KUUuSEfcULWzQIe,20001429
501434,1,yVGBdvAfzFfpnhc,IUvsemQXHHaraax,20001430
501435,4,lPhOEUJfoMFCQhY,TRPLJaoxqSsxaVE,20001431
501436,2,JSmbKorUvkvWXpU,esiKKcZLwylVkCj,20001432
501436,3,FwRBKolqRrDyavc,QszqPLaWXRqUcxU,20001433
501438,2,pluNzKMzYtWvmum,yIYnsCbhJbrezVQ,20001434
501439,3,eLbjftFIOZlzSpy,TXQbeqmVDPPIpZC,20001435
501440,2,TGyzocygAWFeFPP,oNSqLXJEEAWVvMP,20001436
501438,3,WGmRwyRfcLiZoaj,AFvdJmLLaknovgA,20001437
501440,3,rbGCMuOukGQFSNb,tYEJnONZrzlaRTz,20001438
501443,1,awifOEDFWwAAqZJ,WMnfDhMqtmxkqeJ,20001439
501441,3,CnBfrQFfRqrpvJR,oAKyDUvtGABrhYZ,20001440
501445,4,yGYgNsOlWbcfstz,gdMIavEQumBfMDf,20001441
501443,4,AfohvtepxulCAXa,ojlTYlPnFvxtBxf,20001442
501447,3,FSQNBSbjUhVuTIm,beuLxxUWwcjnSaH,20001443
501446,2,uBnlGavhTfFffuX,DvaNjQxwoWkYILU,20001444
501448,3,JAzmJfeWMDLtArd,yFBhUABlPTZRWRv,20001445
501448,3,hVHepzsFdSvmnmU,DnkZtunMVrSFSSs,20001446
501451,3,FuWTXWlcvOIVaeS,AjejxmBXuZAgCiY,20001447
501451,1,fZYkirusHVYzxhX,KMnkwVBYxMXsgBH,20001448
501451,2,xgmKZRFJhhmpzpM,pYgOLAzVgmWcKyT,20001449
501454,4,tDzdljXWMMuuuoW,XwAMmnrUFsfzDVA,20001450
501452,2,BbbYltzKPBCZGKY,PrKeUDqTEacKEPp,20001451
501455,3,JxzkOyEGtuaJiCA,MyXOZrsxDtXgawL,20001452
501456,4,IlyOpNqKOZRxcBP,XVKZartwxPxlAwM,20001453
501457,3,ATNiHCfzqqFzubg,OvZqWgTrpxHQGRe,20001454
501456,3,FPLOjXKXRtbNNcI,wNQBsDwsWtATdRJ,20001455
501458,4,eFoUMWNwfaBSKmz,pDXIvjKDJbMusSW,20001456
501458,1,WpJApzRhBpFlIPi,YxcOEGZgXgEcMvG,20001457
501459,1,OnffCTkCiuZKrfG,rCEbQDjHvLeBMLc,20001458
501462,3,uSZjxsHuKWNNTyH,sdpeWENeuKCKpxf,20001459
501463,1,MHqzznASgpFJETW,mwzrtIgYNwcPQwt,20001460
501465,4,VIoHdwCBySwvTNJ,DvMHPoQOvcXWnuJ,20001461
501463,2,LAqXdTXfvIkdOrS,SYTbbtmqpwqRbVb,20001462
501467,4,kMpiOZqIYJTGgLG,fjBMqMbDwJDJvRu,20001463
501465,2,QAMNzUqhpsXJqwY,fJxRhiUzCluQqWg,20001464
501467,4,fqnIVHRTgrnWJnK,CavvQbVlmgldpxG,20001465
501468,4,HXIyHMNnRgByorM,PABPDRybGUrLnXw,20001466
501471,4,WpkDUnluLWUUecN,DhUoJtymYvZbGGU,20001467
501470,2,szXZkkoushXmQGd,CmAVDSaBCTvzVhk,20001468
501471,3,fAEgQOwYekOglCW,EJYQzRGPhDIslXq,20001469
501473,3,SaKkSmgFgkahoDF,jUYuDRAnkaBTaCK,20001470
501473,1,SFykWcEmxcGUoFK,bhObFDXAloNoYlm,20001471
501473,3,cipBSDNEMWZwQnI,MmVUZPmQZZfpTNg,20001472
501476,1,OEwIFUUGOyXyhwH,rTBnfnuSdRfkdLm,20001473
501476,2,gVrPOIXwrdKDneN,nlKUNGKQAQnyKys,20001474
501478,1,uqQXZWticaTfrIh,SGozPVOzGoDXIBA,20001475
501479,1,PzGyyXKPzLzXeue,gifTfJsypQoiGSJ,20001476
501481,4,IYHeIqUBEUwYYjN,vXaDTLwaBQwMemq,20001477
501481,2,HkBQnwsVdYylRmm,iIQdZAwwpgNppYU,20001478
501480,3,QePHCgtiHlMWiNt,pRgkYuhZNcNvHAa,20001479
501482,4,ErzeTndaKCYNWXC,HqAQyCogxEAigxC,20001480
501483,2,gcFFHhidflnMJTy,ePsEoGKFCeVHvFr,20001481
501484,3,qRbAdgNMZILmZjy,qljTBeiOvFmFNDr,20001482
501484,2,bgqpRhUEVKQkACf,SWEVoeEKKKeZwnl,20001483
501486,4,sWprOlxsZkahhJf,DpYxzxdcOkNQMQy,20001484
501486,4,MUhPTfXCholkxja,eBAGnUAsGKxTchA,20001485
501489,4,gVXNLuvSzERxHZP,YYcULyBPwXPhgBN,20001486
501489,1,IceKiDTucxiAZBH,KCazdUPhnsaLwyd,20001487
501491,2,KcSZCSvthLpklio,eftbBUnYbuDTFwD,20001488
501492,1,frnjbRGfiONnLLh,kZtXEhwEoSdYHXq,20001489
501494,4,AhiJHPIgOytnmDk,zHlkvSjBMWjXAYG,20001490
501494,2,qPKkooZBJjqJUej,UtokCgeOpyebEOa,20001491
501494,2,IkqdInAGrbRADqc,yiWVXpPoWiOqaqB,20001492
501495,4,UGVoWMKmFwrUsqG,ABURThwahbqQYEg,20001493
501498,1,iBVHlaeGdFnrVYx,EKPnbqETMNHjdtW,20001494
501499,4,rsGSQCuHKSRrGBV,CmxtJylHvQIuwXO,20001495
501497,2,pxVVYziohUEAiZh,eojhJSMWkxyQRLN,20001496
501498,3,hYTGmhvvUQYGtSr,RRrDScirAhDRnbX,20001497
501501,1,kppinXBZIfoTQZd,LEXaRBygOsIJywC,20001498
501500,4,toWLyjggNQSdPUi,otYlMSPPZldJsBW,20001499
501502,1,QJFMjcFGaPvsYFB,egsWvmUnXJEtgCp,20001500
501502,3,jroHGAdywcdyHuW,wucfOChNjzRxXsO,20001501
501504,4,IWAbIOhGdegDrte,TjsGhsiSOgihdUk,20001502
501504,1,SoErGbuPiazousT,tkxbTWMTNaaacUg,20001503
501506,3,bxQDRmKVYIoAePx,mWfHOdnyLhVgqZe,20001504
501508,3,CLAlWIZAQfHNYFA,rMAuZVVHzbLXxES,20001505
501507,1,fWWBTIwWuWXIwdV,UGggkTRlJNAkLtl,20001506
501508,3,NxtzgPXpZSghDMn,esMkHmJTBDmSrDM,20001507
501510,1,bbajWiOrqhiKBAd,SXnXGGJrNhfwWZw,20001508
501512,3,DgtDaHlpsMzgytm,uCwEAAFgwwAHuTR,20001509
501513,4,MLQajzjrTXoDTJn,TvYcwyVDNYRVYTf,20001510
501514,4,QlbIsQlQvJleiVo,OCnSLYfEkcbiZRy,20001511
501513,4,TtcDYpKaymwUhXO,tDNkaJGkYFlsgVr,20001512
501516,1,jFXpzOPcvSGWaJJ,gWweNaexBoJiolL,20001513
501516,1,spCcCvFNzwkgrSv,gQEyeaPXLankQga,20001514
501516,1,fkNZbzaLYLzrqlM,WjCYVkfMbwASLDV,20001515
501518,3,dxyUPMkABfjaTao,DeGdtiphuksSZUv,20001516
501518,4,CbRDFDllVkjxolQ,UruaMPdAfIhInBf,20001517
501521,4,bcTIymeaAiWWvzu,hZRpnNVpIGeMauz,20001518
501520,4,mCDmDijHVgsTCGd,zLJvvLxnrTIHoop,20001519
501523,4,XWMSHvuakbpjlRH,fFELMLssOKqbozF,20001520
501524,4,dpRPxBKKmgoIuXV,YTSBVpvuCXUDnsr,20001521
501526,4,gkesbFpPAFuDqaR,keyBQYtDucpVGHt,20001522
501526,4,AHgDHnwmgNyzOtT,EGXkwflQQaBccDh,20001523
501526,4,jDSvBCEwyENJOjD,hzsxpzRgPpxfjHM,20001524
501527,4,GjmGskjVyvlQNzb,jUsKdddiiYwBBOY,20001525
501529,2,DzRRqBKrsUACKoW,XqhOnXEmfaOHbeb,20001526
501528,1,ffuGKuDeCsQtajm,bGHJgUNdyELyxyu,20001527
501530,3,ATTmlELUqhPDpxv,mJzpvONRxgOoPCM,20001528
501531,2,dcTAWRjGSZRHBde,DnGtFreQHqNnCit,20001529
501532,1,bLeQiucLKehYGBL,hkNzSsTmTDnPJMi,20001530
501532,2,xNkHBsSwuogMYhg,SqOQjaYoPliHlCL,20001531
501535,4,pdPkiEPttuzKAVV,nkEKAyisTZGQfZu,20001532
501537,3,XiMQGiNxRfBniXa,auHifGQpDQrVzuv,20001533
501538,4,AYjRPPZRxbGhCAc,lHWLkqGEMnuNgvM,20001534
501538,1,rQoVuqhOxjrIaDo,UtCmsclCWZGuLbq,20001535
501537,3,ITErPMmxzdNzZsj,mYgHBwsNleNQZrn,20001536
501540,3,NOpxjvvNlwJNBqM,ouEwnfnVcleLHhy,20001537
501540,1,qbGEwyjOVwHSDOK,FDPxaByjBfpQtwc,20001538
501542,3,OWfMdIMoMLUkvUE,YgBSdbOGjZQmlxy,20001539
501542,4,ciqHSmzXEePtQiK,NNpbYuZKPFhpUdz,20001540
501542,1,vEelYnolTFAbBKQ,tZuowrOQaMOncoD,20001541
501544,3,QVmWiFRrlDqKBNa,iYrOJXaSOXAdHve,20001542
501547,4,BLaDymHbFwBGxGm,JrAEbPQlBJBmBUk,20001543
501547,3,yvNLznBygFNQKlb,eiSGwEklGcOIfuW,20001544
501549,4,iceWJfqwGRoaQwG,NZTahGlqMusBwUu,20001545
501549,2,DXhRmnxatAQbtMT,drzOEAbKbqJAEEp,20001546
501548,3,kBsPAzFTCMUcSHM,icbDbCzQkPKNrik,20001547
501549,2,QsIWplSTrmSIGXs,HvrzdgbPSmCNTtm,20001548
501553,4,rURBsbtxfltBweN,CMONORsoUfnnRbw,20001549
501551,1,YiPwywtNzzCxjNy,rSkaEbHVhKwuDGd,20001550
501552,2,urrVzCwlWlDNNuW,ulvSLrZtBfocKUD,20001551
501554,1,pihpmbaozJrdSPw,oJsJQBiuYNzUTSx,20001552
501556,4,qBDtdyQhWbzjKYR,GDoiDzwpZMVdWCi,20001553
501557,1,BanFUFOFccZgOjH,FamDgNEzTfYntVA,20001554
501556,3,YqnzwfpYtNTZqpS,VMuUuQMnLPezuZU,20001555
501558,2,KsqhESxAEwGWpzW,BuImyjCMBbjpOje,20001556
501559,2,SVRvwkvbVfEsAaL,zLvtihVPjfwrsUK,20001557
501561,1,VpkexVDAdsmOaLH,mJSrooQTfpETkGV,20001558
501563,4,lFHauCPstnLazzU,YtAXMVXAdxlbvtC,20001559
501561,3,CRDRkmsbVPJGrCA,mENcSmZtmYZoclX,20001560
501565,4,BZvpidfvzCnfYwS,stKjpLSKFihFEgq,20001561
501564,3,KNGjbdwJrmBHkqR,fEUfdXmUjBlQYgF,20001562
501567,2,PCthEUtQwgfsWJK,SkUEsvhAZUifAtd,20001563
501565,1,PHkgAMMbePjsXRQ,okQtFTnwzIgRywT,20001564
501568,1,gsgEtvzizMvZUwV,axYeibXEZvptzFb,20001565
501567,2,dmAXbJTLUllmdDE,dHrbKuhFNROsuiA,20001566
501570,2,QPzZCkUIcxTfBbE,hYstEkXcUKoXbEE,20001567
501570,2,wfchYuARGIHNdWi,dlLqKvoxYmKVFMU,20001568
501571,3,BrvChDmaIlKrjxR,lbvlzyiSqOgOVmV,20001569
501572,2,pDTPaXgBEpQiBqV,JVWSxwNDyfTniGO,20001570
501572,2,uSJoWTuUzIiZseM,YSguSrSiFYrWOqT,20001571
501576,3,KjhEMBFkkbJUpyp,vLJcHOMSRLcnuQF,20001572
501574,4,djhAuWKvyAcrwbV,NsIDVDGeNpZejrn,20001573
501575,2,XlgGCGiastBmCNG,hnaDdyeFjqgJsQc,20001574
501578,3,GQzWJepsqFyjeOT,qrRQZdnKRmqbpna,20001575
501577,1,nyXKLBhHHpyLVow,fVGjjAMtANzFCuc,20001576
501578,4,YcgmLtrYVCXglol,jFbhdbkkclZpUJB,20001577
501581,3,iOTSPYgxsqHvvOt,ootVwCRqZRycYDV,20001578
501583,3,lTNNfPPoBYUmhyZ,EREojNPxyrvZRFO,20001579
501582,2,rpwhWpnaQudidjn,PuWdbSpKDkStHOD,20001580
501585,3,fLLLHTVVOPWLvjN,GjHFlhagzHnqxct,20001581
501583,4,QuLUxJDEFgkKUIW,KIuNAlqokajBdJh,20001582
501587,2,ucAdnCpHjDKogxB,luIQPBgPNZljVoe,20001583
501588,2,McLtTStquyuYthF,AKgLqYEVwKHoSAo,20001584
501587,1,fHbmxJfUnEGWJZi,KbbgjPeBuoPFLKb,20001585
501588,3,ExsoUnHEIQsSHdJ,qqVCrhSCSApnkWz,20001586
501590,1,mapXFwNDhVMifiA,VKtSngaOtvARAmI,20001587
501590,1,lCMfPrCfiMXDeiH,CsVubwOWsEqZkII,20001588
501591,4,iycNLHTsIDGQULN,OWvbnUQMuOnYEvs,20001589
501592,3,vfPujCPuhHIcuSo,COtHsAmJeyUZDGm,20001590
501594,1,aFyVHAQncHsDjxt,LLjpelRNKpWlizg,20001591
501595,3,KzbkXLPnejOJRkP,WXekRiONoUXXIgX,20001592
501594,4,rOpVxAfzbexpLEA,YoIaXAtIXmRtctu,20001593
501595,1,aHKMjmGInpPEyRq,jXvbkPKxHWnCJAy,20001594
501596,4,UPGriOflYtdlUlp,GQPoNPYXTnKKRZM,20001595
501597,4,RUUdDLOnRdTesOK,oAVlVGuxXOqPcMU,20001596
501598,1,NxyucPEoCuYGADr,ttELfBMsEiNSlsf,20001597
501602,4,ELmamhGkLGSvKhe,kBExQZamXugTwuL,20001598
501603,3,lkHPHeUtLWrtkGE,oDlxXFZunWtTTyF,20001599
501601,1,IRjWyMvAKbXxKci,XXzjUyhrNvBiaGS,20001600
501603,3,WDKpbLtDgvefiWb,yByfDzKWtMDaiMI,20001601
501604,2,sYUWGBrwanioxBJ,poSpKYlTsAuQBgH,20001602
501606,2,TgovZiFjCkaFYQl,OwWdSxLdtChLtce,20001603
501608,2,gwjpdEdPNclyubl,APvVuUziSysmmlY,20001604
501609,4,YEqFBqZlbRCsQSW,ZbMbSzJYarMkMni,20001605
501609,1,byTcvCxbToLAfGG,FBNrMLFORTMYIYe,20001606
501609,3,tECAoWMqTXCIJEk,kFKvyDpwPGJAxrE,20001607
501610,2,fMeutFGPzReKcbi,QSLthWuiAjmliZk,20001608
501611,1,DXnMmTYRVGlfYCP,iEnvRKtUsmJvgSb,20001609
501613,4,ExgPJTmtsNvBSLZ,XFFHAiGzbhtJsep,20001610
501613,3,PsLZogwJzTMTSAU,rasdCSPrtAcAdzz,20001611
501613,1,omtficnTtStjrWp,pjDIyFBNuUhQpGl,20001612
501614,4,pHafvRqKoATkeWN,lcLIxJtqogEqlZR,20001613
501615,4,vDaOSfWXmDhpGjX,xbdxIYGFouiCQMb,20001614
501618,4,kMzPHiJegBbrAwy,qLbmGBTLbReBRAe,20001615
501618,3,UaNkrdiCeJZoTxI,SPerfqqJQFMPkVU,20001616
501621,1,LJrbuyZEcqSNxpK,qKXNzyHCkQayUPT,20001617
501619,4,VgTTSAdaLhXtVBP,FbkvXqrnzbxOtza,20001618
501623,2,MPWBvXUKafbFUuO,butjlLfbhxvNrsp,20001619
501622,2,lTgmzqodKWshDxD,VzPulHBuTFdIJFu,20001620
501625,4,wAnkKmVvZHpqXAA,kitJeRsWlqiwjki,20001621
501626,3,MTCVpmdsOBgpkgm,ZuGsqsMMFjdlMOS,20001622
501625,3,mKQbvEaOaQPTROi,uPtEolXiwonfRFh,20001623
501625,1,PgOgIyfKrrgSagM,fsWGJDVhTJHQtMx,20001624
501627,4,jckxsXLBtFEbHJa,pbxmqjeKUrgdISg,20001625
501628,2,AQETbnhxAOjyVRe,BfIvnYRmLNjvaYj,20001626
501629,3,SozWyzSTZLdEXwx,EsRpOrBEQUSheHv,20001627
501630,4,eoccIzsAIwUAFRp,bkIergXxsJCVmBk,20001628
501631,1,zUrLOwnLyYpzhMa,jXqjLvUXKsUYihd,20001629
501634,4,yzjLSetzjJRwvum,vUfFtvfchKEXInU,20001630
501634,2,QsQvLBokZvDpLmd,gMYoagPlHaQOYdW,20001631
501634,1,XXHEeUTyliBsGGx,oOWFHuOuEGyjIZG,20001632
501636,3,KFvfVTPxDtFxqcX,UGTIvCSarxzpHgI,20001633
501636,3,HteMTmXwPLIXUQa,HmxUgCEscwEkkXY,20001634
501636,2,BQEZIDtavTUjQBs,NKPjRgUHcHniwzP,20001635
501639,2,UZYqGSQZHTsbEpV,JupQVwzaGfKxBxX,20001636
501638,4,yCIhdPcXostFEdG,ViKnwgEHWAICQFL,20001637
501642,3,LsQebBzcDKoZzzc,yAGbonZlbQTkitd,20001638
501641,3,twhNQpDppqZHtQS,OOWzVHMwHPkZOTp,20001639
501643,2,sIKGiOTCxnVLSGP,TDJpRJsrycXPxwz,20001640
501644,1,rYufycbiKssBXgK,cIDkdcZlsAaQqtm,20001641
501646,4,BgLaQsGpADeIVIR,GskAaMWjbyMYEIr,20001642
501645,1,CMsijZIsgVJdzdE,LAxwvXesRDrywEu,20001643
501646,4,XKxknJmQmpNTRBi,DXgqsbFAGnyFWsz,20001644
501647,2,OdViFGkzaIGvqIS,pgGPyNOAOakhnjk,20001645
501647,3,rjAgipLQYSNGbXv,ChwGYEUujDCxKLF,20001646
501648,3,PhEZsYxhlByHECI,ZUqQNnNGdCxZExI,20001647
501651,3,ASeqghtQNrCrgFh,UVSQJVRSTvNrTQE,20001648
501652,3,mZdeJOudqtglqZB,uASVpqBkFUmguMr,20001649
501651,4,mGckaIsJmuiJNxM,GJhPNSBNLYXzJdo,20001650
501652,4,lJZbkRfXaBzxALF,nNjEQZlAeTvFkjw,20001651
501655,1,nFBYecwnkxfbTLo,HeYNCJlkgGsuPMn,20001652
501656,4,khVuSXjaWbdMhDn,WSSqKbYzxnAjAPh,20001653
501658,4,curBdklAAqcCiCx,fPPNBhlZqGPhmBO,20001654
501656,4,BxgKTMwCDEUONlr,zBkiTVjnhGAeiKL,20001655
501659,1,EFObXzKBnpoqxYn,SIovYsCHEeSrnZu,20001656
501660,4,GFdAUVtqBfvuLLk,WbECFZarOxGAokl,20001657
501661,1,CwLYBhOfrDPmkIx,ikzlKZsyCVRfMUg,20001658
501663,1,wFlvcEpOUPGWFpC,ZNKlcAGMZgjuAmp,20001659
501663,3,ZQgMSxUnPeNLGuv,vosEIBOEBOpkirq,20001660
501665,4,wvkZikDpoEDMYWF,mtAdLYmcGIYyJYZ,20001661
501665,4,IovKNcXGcHdkGcQ,CPYKgWOmZBAoEPG,20001662
501666,4,utFXSdFUiLdvLdT,vduemBWDncccxbi,20001663
501668,1,aRlEZEpIbiTovkl,UHhvBSOUBKxwGMf,20001664
501669,1,XuRoNlVozDwyGpm,NfdjoAqShwuEYid,20001665
501668,3,XFLERuOCQGaYKGl,ankYFgSXkSWPbTc,20001666
501671,1,QYfZavwtfmiwrKF,MAJufVcYVtvrpWF,20001667
501670,3,wfJWFySsyytMaii,ZspVITOCHBodyUn,20001668
501672,4,YqLnKEJbpyMsDNO,waDYYsZmxyDGjAM,20001669
501673,3,dQVcEoBaRXwowiL,KFOJgRPtjRYKFoj,20001670
501673,1,UvRhZuaZwZMqEXo,EEcfbfNsdzremys,20001671
501675,2,NgSrrblfeKXNJBC,hHPjboChLRpXBxF,20001672
501677,3,vUwUsIJTpnUukGJ,iCJSVcuGihVCUrm,20001673
501675,1,cZEcvrpifFVPfIB,tvMoxJEipzoouGl,20001674
501678,3,MCioMbKVRlVPVsb,soLHmKXQmLgbbjt,20001675
501678,4,GVbPEsNdWQFOvxw,jqRAolgfJIHVGoj,20001676
501680,4,KWugPOdzpqTRDso,balpCtfXuMkaDYD,20001677
501682,2,SnaxWDCGOTnswEN,ISaGeftTvyPRzfD,20001678
501682,1,nNMkKTGXXoCChiz,rGijRaoVyfhMGkk,20001679
501684,3,flMTxGKPCTIADqA,CTAtKPvOglYDheu,20001680
501683,1,wytohQiyNDeUAZF,nKWrBQRYjhEWVzR,20001681
501686,4,RmBLmblUaixmcFa,sJizDOvtWWYETXR,20001682
501687,4,dkazoTmFuvTtQcX,xmiISFFtWmucjTP,20001683
501688,3,nkKrVWbntjDGqPR,ywqcgBvXxLmjJDf,20001684
501688,3,rzARREFEHKDkEdc,MQGIpKFJBJIUHxM,20001685
501687,1,jVWLDqBdNmVzxZu,IyXESvANlRIoMWz,20001686
501690,4,MKnNKtyWNWEFlJS,KnIkCxGbKoZoAgm,20001687
501689,2,iHNKJwvHMlibDNB,EPRIMRGhovLMXTk,20001688
501691,1,RBySjSOcWsalLxJ,JBalUIDhHefvLYV,20001689
501694,4,YjSGRLjxCNqCcfN,NVFBLVGEXcfKHiO,20001690
501694,4,BmGpAstuBBgGJAL,PgUiXKRNIZjbYkC,20001691
501694,1,ZvWzXGzIOQrsiJR,LUqAonyfcZzuwNi,20001692
501695,4,rbSpPwMuPwglQlm,dxtypwAQgbMiopi,20001693
501697,2,CDqvdejZNXClHYv,LiqpdGXoMeqUKTb,20001694
501697,4,cfKGoSRhLwYNbVS,cmCEPNrKCRvnngJ,20001695
501698,3,NImxqncfQOSBGQb,PErWNhCDJESyGQB,20001696
501701,3,ntiUEAMbaPzzeRO,CcFNzudVyJjdIEl,20001697
501700,1,hZMscwVjRZgcWqU,KqTKYZPUZHqYmXI,20001698
501702,3,lSzuWJQLiCSXAUf,xfAmgsjBfKCYVtk,20001699
501702,3,iZmZdSdXNAAJasz,eYPjrRQMTpAVgfu,20001700
501702,4,zCZQPuZqsEkSzlZ,kaJDwxAUbEaptAD,20001701
501704,2,XZWniPKFeywuHme,mlbqFzynYLvYuJN,20001702
501705,4,akeVzKnFYGHIcLh,gfODtlGCpPcTtdM,20001703
501708,4,VzKAuBygxVKKPwe,zTdvesxMgovRfCS,20001704
501706,4,GnwOPhptkhFrHYw,ZLxMkppAGyQCsaq,20001705
501709,1,bYtnOHlBRooRIZm,RiNTozFkWRWuiLf,20001706
501711,2,uGzxcEYjznrxQYP,szFvVBGywrxJuUS,20001707
501709,4,ZiEqpIHsaNsgIyG,kDLwlXaLJskTMPA,20001708
501713,3,KkYAZDWNnHfRBhl,RXxwjrEsSbbeUkO,20001709
501714,4,FyRthxCLLsCilxs,IHLxKORPEwzNeCB,20001710
501713,2,MDpWGfumSaNaVLW,TvoRYyrXJKVRHmo,20001711
501716,3,jxcZsCzFMsqvmlp,CuZCUtJWhupVVWK,20001712
501715,4,PhpiVMzSXQPrfua,XhsFYrJzmMrEvjV,20001713
501717,1,XDDIBHtyuZekrtq,YIhIaPKZbAtooLR,20001714
501717,1,XPUMAQzECTWySEG,WtpoxaLtKDeRtjp,20001715
501719,4,ZOwpdXOCjCnqexX,RIQjLxXwwgLXFGa,20001716
501719,2,OzDPlefSfZSfZur,ZetroPjMOnkfTnQ,20001717
501719,2,ETGuKUunDBoTKMd,gXqziZrfXvqgxSk,20001718
501720,4,jfJTaVaQitDfGNK,uvfRGfwqtZYLZzL,20001719
501723,3,rsCBAJREXRlJxvy,YkDMFGEsVpmnPXV,20001720
501725,4,XBcRlnAqqjzBzCr,BmeSGokyOpnvKYU,20001721
501724,2,KBtqLRHFVZIKHev,trubPwrqsdJsfDW,20001722
501724,2,PfPVkRykZMPwbuS,gxdAMifPbtrtNRl,20001723
501726,4,oSOZyVGFqjBdqFe,arpEaHdfuTUeLNC,20001724
501726,2,OffNXNzJJReBVZM,yaqOVFuBIHBDGdM,20001725
501730,2,MqFBaXsDGgPWasJ,fTstgZSXimOAPFT,20001726
501730,3,WfQtwpLZXDEuZDA,pqvrEQPEBWWmBee,20001727
501731,3,oBIOXaHLtudugaf,AyfYUESeGoxdxTX,20001728
501730,3,APBZBRgvRqoCSFj,eiEbJnaEoxiDEDe,20001729
501733,3,hqLcZvsirOZtNYN,FscApFHscLPDyot,20001730
501732,1,xhfwXnptchFRgeT,egsyIYYtbFoKDQP,20001731
501733,3,tlvkUEVuXSxbTPN,vkcNEvaesWhgRUu,20001732
501737,1,LRUTdPjjmBPkqdc,geUXAGcOFVBGYIf,20001733
501738,3,AhaUApyHPZSdgXx,unKAlIsbgCblEHC,20001734
501738,4,iVYTiqRgKABcROE,dbOdMdlksnBLZdU,20001735
501737,2,BQhgCTHjtvFpRhs,FmZvsfJrvPiOokE,20001736
501740,2,tuPTfFVjsUFwyeR,qZIrrKpFkBrxUyB,20001737
501741,1,sNiWYObXnBMZPch,YCtbSmuZVpIdJyN,20001738
501743,1,rymQpqwntPypUNi,GMFAsWZlMWDYjUA,20001739
501742,3,uGPkCcuMpnVtfUa,JVooKJeHJggWyXK,20001740
501742,2,KpVyeWygEqhAwMx,cjurZcrYQvZxrBA,20001741
501745,2,ZfTFfCEAYhAPydF,hNpXRmgwjISkoPi,20001742
501746,4,yvARNrAAEjOlULJ,tisWlzbNBognIGW,20001743
501748,1,NdgsXFSdpFvlGhd,FfVReiOCGTfuUrw,20001744
501747,3,zRPurSqcQrGMJVv,odfOfBUGgvFbhhs,20001745
501748,3,JofQjmggrGflzaC,aXfhhcuCxQekzML,20001746
501749,2,lxLpGCmzXXzdyLG,iNmYTsSkkKIasgt,20001747
501752,4,kstaKEjueJJyXya,ohoHxSIaYxFjJoL,20001748
501753,1,jBMkzLVMNBkYmXj,RDwuSddWUMrTDKF,20001749
501753,1,ZBcWbomupqbuSHt,riBVrUXetSUpiJP,20001750
501754,4,jGEOhYXfbPIMeXD,QmjXvzBOYUjuVYZ,20001751
501755,2,lIhauxLPEWrjSmd,flBvuUGhksCHCMm,20001752
501756,2,ZoNXgTFKlMGALCy,KFfiiDuMpWDdDKj,20001753
501758,2,uSPbtneYkYzdpZR,bHtvIMIkFLqbZXr,20001754
501758,4,WNyZQSATcKXJbOF,lYyBvDVrYjKSSLz,20001755
501757,4,iuVeSueEXGSbaBm,xPoVEdlDmjbyKxN,20001756
501758,4,EPiHbkFcocUPVYw,EojwtdRcepxMCUW,20001757
501761,4,JSYvGiwkUKFIgQh,hgnDoTbCWqIqWuB,20001758
501761,1,XpItOljbZcSThfv,JZBUPeqQOiJMUco,20001759
501763,1,fCcuNEggQjvUOrx,ylbGQDXsWabzfPh,20001760
501763,3,PbnTUITFJuYddAs,YffaLqOJMhpCKWY,20001761
501763,1,FIDUFbdcBKtJxXM,scpcyIiZaovyUOK,20001762
501765,1,UoQUKJXpcSPtfUq,pvUzCylnrEQqZlh,20001763
501767,3,FqZwipiHYvMDOUy,kdcrbCTQMiWghgT,20001764
501769,4,dRzPeoAWHzOyNbP,xDoZzficOvdIJmI,20001765
501770,2,oWrmozSkVAeVfiy,kGZZZFvmBOscsOG,20001766
501771,1,RbIZZgtXOtMyFBX,LqmSSrmunvBGPde,20001767
501769,1,YdZnvVFmEfPfOkN,RKUbMBigmMauNob,20001768
501771,4,QLuLQBPPnIOQbfz,YzxByHWFHkDDrjL,20001769
501771,4,FZKrvtJPlwlyQcU,zBSKGfOfJiPOhTp,20001770
501772,1,YsrEkBJvLVhpcUH,pnOtkpcvgmDcQEW,20001771
501773,1,PmYpjcoHAbPwnov,NbTjpjKqrhYGGRj,20001772
501775,4,tcQqCAczWRVCqKU,xkOYKyhgAbbngia,20001773
501777,2,eVGkkJBwyBoJVXn,zjkbedyokVhCIGR,20001774
501778,2,dZKWrZkHZfkbbfY,diCLrITNzzttBsq,20001775
501778,3,heTvVhciDFAiZGu,hqJMowwXHzWdbCJ,20001776
501779,4,FJjdQvPVOfbIaPd,XUGKiuIPYfrEIZi,20001777
501780,2,tozUmcavlfxpvbZ,CXJNtEMoaWhNVyt,20001778
501782,4,sTqZdJKsdOXbpxc,qojnGWhMUfXbOvW,20001779
501784,1,yNbNWmCElLDrCEL,blwPMqsbkdfrraI,20001780
501785,4,eWJrUlMgzZSAtup,GblYvkCKLevmdTU,20001781
501783,1,MbRCGjpaXEmrEOY,hDcRMEEAAjRmdHp,20001782
501786,3,NulLEILDMeiCnEA,QKazSKFRzgmstoD,20001783
501788,4,xtAFzpVNJJEqInt,CVbYlwJSSQPHAGy,20001784
501786,2,OoLSKjbBtoHHMiz,MqMxxtJvGWcDQBu,20001785
501790,2,AMpVLSFbWiqihmr,AiJVLMsDGBsGKlx,20001786
501789,2,MBakWHeJYifTjMb,iDMoEVTnvCecAZl,20001787
501792,1,GVoXjJOLWonOMxk,CwMdVpWtTjXYrSt,20001788
501792,4,BrGrzyQubVUhrOL,ahiBwmuQVNdeUgc,20001789
501791,4,XwtCdgiEgExoGpM,SmOsYpSUhgfRtAE,20001790
501793,2,MSQWQnhpQLXQOGW,GqXxjVvGNENsidk,20001791
501796,1,ZJiFwZLXnWflTpx,cFyquIuozeYkwnm,20001792
501794,2,vfVUFhoNxiXiSOD,AnusWYAamChsrgj,20001793
501797,1,MItRJqAiJyVSyqI,CTKxBONDKdRQvLk,20001794
501796,3,pnPPTxMvQSIYzho,iOVMMrVUFprCbIj,20001795
501797,3,ZdeYNxSCupGJFJt,aoDwlMkNSRiZLuY,20001796
501798,1,MhPhgHcexooaUZa,fIIdDltXIUfLSCI,20001797
501801,3,ibVwEUzgUxUXdAc,hLknNnZbXkbwZZT,20001798
501803,4,cAUhaedtyUaxmId,cZBsKkQRAITVnMe,20001799
501804,4,sqwlMXuzuSIsLTt,QQFgQpXVmECinja,20001800
501802,3,AbDbiCImydfvQqp,QopEREATMoLZgez,20001801
501806,1,NHzpfNEuJYDiVTf,ZkMARCqFXJBZSRe,20001802
501804,3,yJQMZVUcOkLvokJ,bsRdgGkyFDnHpjO,20001803
501807,1,qBWNRsIOaDJntib,UYTaPdHfCguWvvI,20001804
501807,1,ZablFgUzPnIYmlx,MicEDpZpFaytJge,20001805
501807,1,CAcavPaVnUSutbX,WSFHPnrZJpsgbXa,20001806
501810,1,YsTXmPNhFZXUZtL,vXlqgQApCCroBjW,20001807
501809,1,UUxPsTZDOtUQjEz,NhHcMJWRVTzZCzU,20001808
501813,2,VDpwZKlRSnCafJr,SvdnxuLuEpfrgbi,20001809
501811,2,mHHHmBAvbTJEuXC,NkpCPjPARhKUHHW,20001810
501814,3,yHjKGqQrYzhrUNU,rZXrLDEjLtBKjtk,20001811
501815,1,qqEksHOVurLtSOO,GYgPjpPFRmakZXa,20001812
501817,2,fiqnenESVYTHYjg,pGLcBRedgaPJPJb,20001813
501815,3,updcQLpdgEUetve,dYClltAMrrzGxzQ,20001814
501817,1,XPtiWNKaTtCjJOA,FLMKpwTgxqyAlpa,20001815
501820,1,mzJgqAKtVrpEDYt,mYbUWzpaALiDlwX,20001816
501819,1,jswGkHMIQCmbyot,klNUSYHCZOsChSd,20001817
501819,3,YXrStnnbNDjYXAR,olTEylydtKuSUAG,20001818
501822,2,NBXDkCOBmzwWVBf,KeJhfbSqjkYgaRH,20001819
501821,1,dMAPzGDRjvjyUrn,cBgeKFsWhXzTDcl,20001820
501825,4,eYhzRGWIBiYhsnj,OetMMsGslUQnDHH,20001821
501825,3,BLuPnAFylhPHFPF,GtKjskOplWpyWbm,20001822
501827,1,oMJzovcsWUJYAgp,EQiAdHbmOflwDPB,20001823
501828,4,pdqTdGMWCgDIArz,BLSSgvBSZdCiIKd,20001824
501827,1,rKAAcsNGHdnvyJx,XlxbVlyArjEvylF,20001825
501827,1,NZCORkBRNoaQhGA,jAfgBxAXXxwaVSL,20001826
501828,2,trPgfyIgClupmgR,MGdlXmeygbcIKXQ,20001827
501832,2,cnetwQzzZyatmar,meKJJyXBpCNqPed,20001828
501831,4,ABpyEYVcxfcvFpl,fxWtuJoziSAAOLW,20001829
501833,4,TLVYBEaogiWBZVB,zYWUNcBwfctTUOw,20001830
501835,4,kdmxeAHdgHfRetq,YUyaDUYwGrgteaQ,20001831
501833,2,QHesiEItEWcdUcd,JYwcIQdOfrTQxnA,20001832
501836,2,EhKyszCZLxlcGOt,OvlhtVMvKrJTJCK,20001833
501838,1,QbzxzzwBlnisPwm,fTSriVlVNrTqQSh,20001834
501837,2,xMvHObvEhvGWbvj,ULxBKPmSjDlmuDO,20001835
501840,3,PHYygIJLmUnWeDQ,eYUfxxLuNEYASRl,20001836
501841,2,OsdIWSXOtcawwnY,YAtNugcsPNnzrBL,20001837
501841,4,ROoaRNBVSZEZcwT,KyPTreMhsJnRyKv,20001838
501842,1,usPZeIROXGdAjcn,OkrzroNhMgBfEWT,20001839
501844,1,nmWQZCphuYWOVMP,OrJQofSUzJOhNUY,20001840
501843,3,ZqdYXdEVpcpbpgc,ArRHUPZzbPAmTgk,20001841
501844,3,xSKzjQjkkAXQEfF,mqJVDMDjomffjSO,20001842
501846,4,pItCgGflqwMKzZF,oTQDrMcjdfGBMcs,20001843
501845,1,DiIsKwIGMfIZRQl,jLDmoAsGSrtUhOa,20001844
501849,2,oXLqLIvlZDziBfv,iRmOBxTUMDzRqPG,20001845
501849,1,ZJOazGCNmbKVjUx,pjAgapREqwwliMm,20001846
501849,1,jSGlMxmukiIWCFK,VuidxRbANjAJdSJ,20001847
501852,2,DnBakrrZmusObGI,DjxqbHTLzkQBFYV,20001848
501850,4,UznVXzNttkcQVTN,xnyjbIGNZmuDIGO,20001849
501852,4,OQstAvxaUuqhdAz,ZjKfHtOORIqGcUJ,20001850
501855,4,QGxWTqHfDkQoyTB,TLFZAbAUqkcMMRo,20001851
501855,2,kIzolMLQPGHKgDz,lCTkryDSnZjcxtV,20001852
501855,2,YnLiTksQNoaWwBt,vcyrieHqhhnBCVn,20001853
501857,4,mwhutLZyVMUdojK,DBKRCtmnVjlJOcc,20001854
501856,4,qCfjocyhFEhElBV,kyXhmcRskyhCalh,20001855
501860,1,XnOJTohtXtVqlQb,RJUkVfCVDFSDrgm,20001856
501858,1,mPdnJFrlORmMoaJ,ZhSCCFGEEjbQhkp,20001857
501862,4,GadllgRiRPpMfyN,QAaIhSvBCvTSSSX,20001858
501861,3,IxnIrEkOzAxfCAw,UGqfZvEauhNwwXz,20001859
501863,3,iYzvNRRmdsrRULJ,XRfMoSUiHzIBzxm,20001860
501862,1,jVBmONzBygATNGZ,NyPBgHcjzpKuOVS,20001861
501864,1,czlPbIJZRxIsUOg,pVjEnJTihRypkko,20001862
501867,1,HbfMmfJQiOQjQSC,PWrzTNDJsflTcSc,20001863
501865,3,KGhwTiXvnDQGBjS,VJgkeVSzkcHEsta,20001864
501867,4,bUInNhZXfvBzktz,rWVtcGZQutsfDrR,20001865
501867,2,fBmJdwwRiivCpgJ,gJmVZRwHMvImDmT,20001866
501869,3,SbKFMcPpkUocJgS,zoxfVETYzfiyIvH,20001867
501869,2,jiAAWvoqsdGvtaT,LHFaVKjsFHKxmDw,20001868
501871,1,EsYMRCLocqfJBZI,TaxdRgruiruLvdB,20001869
501872,2,mWLIosvgcFzKiZL,ZyklrbYeALngHLr,20001870
501874,1,OuYBBuDRXRwdveP,IUzjyIxsjWtzPDz,20001871
501874,3,sAVhNkiarcbbhgu,WCVZmsToedceZoi,20001872
501875,1,jrHXkRrkFdrqzgP,TDdUfnuSaMoNxek,20001873
501877,2,XegFEXntuhfRUVg,NVAskimRgRtdXyy,20001874
501878,2,civIiTHeRimbPWf,BogbYdvuGuEbBWG,20001875
501879,3,eRJQliGeEaoEqZq,qDLomEjsiZwQSPT,20001876
501878,3,CwrpTCmKYbERcii,twpLcgPOrUAEJYB,20001877
501879,4,PQglwGQbMocVKOU,eAgekWEgedgWGOE,20001878
501880,4,TAEbjwXYMhGatVK,iSCWpcEIOqBDVzo,20001879
501882,3,vQUEHPdrtVdWEmY,cqDjrUdgicsyqRI,20001880
501884,3,txnWtHQNwlrqoeY,oAuuceUJajNzaaB,20001881
501886,2,SiDKSZalSzJepfQ,CUwpNjFdDinJeNM,20001882
501884,2,ccmXPgfvdTtcgVO,tscGyAzZYuJhuAB,20001883
501885,1,tgYcJjcyeMtRyHi,IRoKTgeokjQkGsp,20001884
501886,2,ZlOLctozRONFMPR,fzLdJnrLKwjXfjN,20001885
501889,4,dlZovoGAVqBHzxJ,bytPYuqLalnJofs,20001886
501889,3,uFmgTSyvJxgEphe,lRjiHQsngsqoVTZ,20001887
501890,1,MlFBCModNhVqCbL,TCwtwKAUvEgluHM,20001888
501891,2,XPsTlrxPuGGwfTC,bEEbIKZdlgDBwTL,20001889
501891,3,iOyxlYrPjFQauHz,qoPlzlIvsWlZWYk,20001890
501894,1,jkYyKDIxniZyCFV,dMRmLBBbtbpFFAX,20001891
501894,4,jplogDfJmOwBclb,czajSIoZretVaLW,20001892
501897,1,eGVbeEsZnoJIkGo,rWtiZdOQgxjgssR,20001893
501898,4,JnkfzxJXhgoqtTe,XZbolZiGOCKAOUn,20001894
501897,2,ixeBRMmqaKvEglV,evSxyKVaWpJGKan,20001895
501897,4,mFHYTzVtapdQvpm,jQZqqeLTsDwFatJ,20001896
501900,3,aAMPzyKSvgfQvqA,RGmruUMfUqXHFmU,20001897
501899,3,lmyUDhCOdYptbUk,hAKFhubCQWmjKEm,20001898
501900,2,HPDtmrWxkJZMHPB,wKBMJqbfflapmoN,20001899
501904,1,OGEahcbAKLigPsJ,sKqXtpjjxhkQYiO,20001900
501904,3,pozborpRwfFnXKW,JaPcDhmHycklWKe,20001901
501906,1,mIsJUsVBTQVIcQX,xjbpAhxlZifsvuS,20001902
501906,2,iSWekQgTXvDqFcO,yZKKDHvwYyGSLIe,20001903
501908,3,ezjQzfaoIlUFajm,yjSGcCzxFTPSIqz,20001904
501907,3,rlJsDATPtYsBawQ,dwglmUuOvqYZfQu,20001905
501910,1,ohCTZSaJjSzUkjb,FrLdUiyostWdrjJ,20001906
501909,1,eTbBtLvSEjYQvEY,SxIvVPPJWkXdMkL,20001907
501911,1,YOcYHEnOQuigGkS,waxLVqjxDZtGQnB,20001908
501913,3,YQawFuEXibpVrJk,fipbZiZWdhLIZvP,20001909
501913,1,SQYobXHhrvUaDwC,TGelaDUaRQAcmEd,20001910
501912,1,aOdZuSVSQYOFSRn,zdSXEfzqzNrPukh,20001911
501915,1,WNuOgLfzGTpfMos,yRWczvsbdqvyvnf,20001912
501915,2,YigZHckomRyHsvn,wCMaElZSfJpnujP,20001913
501916,1,WaYbwXMclylAsfp,KRCZZrxwUKlbAFW,20001914
501918,2,ZZBuRqQJMGHpABI,YyLSVFdkLFbiEsh,20001915
501918,4,BbzeNtkbFeJHUCk,bCWlcsEExxaOgub,20001916
501919,3,oTWzzLudVfwaenz,RTxQskBCeEwzLXq,20001917
501919,4,gcCtGZUgOPJltLg,dfKuFznVDCYwopk,20001918
501922,3,rEiesgOoSAxbfVh,IeCwzCsaeqicEQw,20001919
501924,3,mwUxInNkwRnDhef,ZYotgTiTlSEHlnr,20001920
501925,3,SoVmMKeBBiXHdBZ,GiJzzNRNwsqjgkc,20001921
501926,2,HnmxvRRKcCdjOel,iCgWnwJwTzrOyeu,20001922
501927,1,BvKQrqLkYwzWqVS,aCYGWLRuOqOpNLY,20001923
501926,1,PxlEfYPUCBRvQaE,iRSwCrOBmaLKAeI,20001924
501926,2,tnsuEBwecQBDGwS,EWIibPvDgqiohmc,20001925
501927,2,qQvwKVCNLUURuTz,KxKxKEXlRiAbEXv,20001926
501928,3,IgBAmuXpqAmtmVu,GmQIbJpvMOaNqKW,20001927
501930,2,AFUtrGsHnkhSXRx,uTteWylhfbnutWd,20001928
501931,2,JRdwbigLjhhBKlr,wtvCagYdSvETrTw,20001929
501934,3,OdRpQUCBIaPwHNg,femjAvEAikIohcI,20001930
501935,1,crtgtolLkeNxwJZ,JAfBSWESimMNtzM,20001931
501933,4,vHeUBqWsyIiaBSR,mRVHnEAUoXinGQR,20001932
501936,4,xkGZypOVZjWldqq,FiRhjusEuzAkvLP,20001933
501936,3,FiTBGhJyXPVRHSp,BYYJPwHVvBYGoTo,20001934
501936,3,YInLDaaEhtbvNVF,aGjvZeACeBXKRfg,20001935
501937,3,INsnFiUEArgURrc,YosMOFwmiMRVtwm,20001936
501941,4,KNUYaBqqBZxhTvt,TLYqUdPWLjLkdXB,20001937
501940,3,ftdIdFYfVKqSPwM,IFZmvjvyaFTaKzD,20001938
501943,4,pCwoDzuvCrygBGq,WJLwIfbTLWLZUvQ,20001939
501941,4,SKlbSqflOwAVfMI,ztOfMkHSYNvODYz,20001940
501942,4,hLDvemaKjgxASea,zqrEOOgjPmEOrpW,20001941
501945,3,YehDKomgkYmXeAb,sIGSESdhnDnWZWn,20001942
501945,1,nIxerUAuuPxxMSP,rPdOZWBEPCLfRgT,20001943
501946,1,yGGFJqbpxsPtNbQ,XkxVlKtyVQFbnrw,20001944
501946,3,EstjxLBEBUIkRUG,OfQzegEcogrPHof,20001945
501947,4,nZiAciYVFAaVMvV,juTjSGOlsXIEwtk,20001946
501949,4,scJJzYPOLHIpWlQ,TDStdicQpFrefEx,20001947
501950,4,bScbpEDtQsoFEHw,SNRFfbKGRFefFor,20001948
501950,4,MBrIxhEkrZdtGBB,VRZSbyLICLcPscR,20001949
501951,1,TJehUIqaAyrsWQA,UKuhbbPyzWTYBYm,20001950
501955,2,cWsfNxfnXNGuGgX,liFQQOJAPwfdvPu,20001951
501954,4,yzeZMafEgvAJlRw,LnBtPDLbXNbvGTe,20001952
501955,3,piuurcehwBHyadn,qSgJnhfWbZkbKEf,20001953
501957,3,EgYLfPJCSkeWqxF,azQwaQXRURqLbcw,20001954
501956,3,TNfcvHmjAqDkseZ,MNpyZIlAINWqsMt,20001955
501957,4,hftoRKzTevCEAHh,JpOFqplsRTOxarD,20001956
501958,3,trIzVvqgcnFDQNQ,AevBkmgFYOBnVDu,20001957
501961,4,ddtgBRxwoUeZoiv,mgFXcUbEfPZtckT,20001958
501963,4,TXMGqsbLLTgZLjX,VnRhKkuviANQGSk,20001959
501963,1,MnJhKWMLXkyLwyB,QVhDQMQjQYmbBMG,20001960
501965,2,IWIeXnCsHZARcaC,BVnMqPTWpGaYXPY,20001961
501963,2,iuEoXHprBToKcPf,XTkXrwKKaNdcAYn,20001962
501967,4,hGisvWDOMfEdvDr,LbsonClLWtCmITF,20001963
501966,4,OqJTJmumQXzQpAH,ottXSIAQLwuJrvd,20001964
501968,4,oiFTRTnbkLLRTHy,UqKlPvVjhmrgtfb,20001965
501968,3,gAhUNuEyKgjXvLH,pZqBLMckKiHEXIU,20001966
501970,2,OYwzmKkrHzoaouj,icfxewSsJwjzfhE,20001967
501971,4,YDvmpbyUThFNSLY,DfjSbsdConjverd,20001968
501971,2,VxviJWjCVBWqgWd,XKawwbIlTEprQKJ,20001969
501974,4,paIDGnnJpwQBmsO,XmFoZELhUhVWRmV,20001970
501974,3,AkfMbCLErrJIhwM,okblTECajOxkqCI,20001971
501974,4,paeCAMvkZOhovwa,JOzaDGYIDSEPNRJ,20001972
501974,4,WPlQYkrayjgvBtX,ZRhTVXWvnilAXWx,20001973
501976,3,wtDhvoYXIiJvBUy,xovoDdlQfMguuSA,20001974
501979,2,vQnunFkcFlJqavc,NYYIyRfnzBzIUCD,20001975
501979,4,SvYRwVKZGpKUAuI,JrcBNHszfPAzBjc,20001976
501979,4,dsWqfByHwCpPcXJ,ojlGypryASVRwNk,20001977
501980,1,aDYcNeJFUtSsehC,GqgJSnZdzhuyCTt,20001978
501982,3,DsrRYbuoTVQBPpF,aJtIUwixdvEPzxN,20001979
501983,1,YWZclDyvdpSaVOS,pjTHsIPwuALxrEi,20001980
501982,1,EiqryICauPIyUNN,hdwqdfaBaSfUutp,20001981
501986,4,tVOVqkWMkdBYPzc,pWruvlfoHDQhleP,20001982
501985,3,hgjwJgYoXwzGNhC,LksQEUqqIxdcLUz,20001983
501988,4,XAFVptklsNkvHeN,lIpiUiJQKhmBoGK,20001984
501986,1,DNjbcpScvVnCJQz,BYfnNeortPRcwqU,20001985
501987,4,dWAVmZmZgIGhaOW,drJbyyUmQiyuYTO,20001986
501989,1,UQawCEDoxldZTZU,oXjHxarkSkhobbU,20001987
501992,1,CqZPsAxjCcEoHnR,qBacvCqeFoWHGYu,20001988
501991,2,egkaLfCPmCBQVPW,HzgJxWdWbWhfFgR,20001989
501993,4,eXuZMdUlWSmYAJh,CVyWTdeCaeHkSgk,20001990
501994,1,ZTNcTRxnyUaYlTt,QnMnDmgoWspjLEb,20001991
501994,3,QYGnbLwHQgCMpID,bCRXcFVPBptOLfC,20001992
501994,4,cHdchjcdpQClKkB,bwOocbZBfTtSRig,20001993
501995,1,JRpPzUaFYvObWoD,YpqjHDSeFrXEFZr,20001994
501999,1,ZBXPcgOaekUTumO,IwqPAASBYPCiVBy,20001995
501998,1,HQKBbOhuCyMfvdE,BlMHCGrkyxRJGuR,20001996
502001,2,FcQMetJBtWCjoTK,sfrsQStqaDbPkKg,20001997
502001,3,RUYNAgvmRuKkYUB,ygjgAwbxLSnHgvl,20001998
502003,1,xFQtvOoCoHqKrcY,cQrcAxOwKSonMix,20001999
